log_return_mean,log_return_mean_median,log_return_median,mean,mean_median,median,period
1.1160513344710983e-05,-1.4653625009352202e-06,0.0,41.93789525691698,41.94669209431345,41.99,09/28/2009-09/30/2009
-1.2314534468513164e-05,3.838648500709031e-05,0.0,40.828881118881085,40.935347985347974,40.89,10/01/2009-10/05/2009
1.6204652207226427e-05,1.8589090403932822e-05,0.0,41.84931297709912,41.72993055555555,41.76,10/06/2009-10/08/2009
-3.894003360570401e-06,2.6301321719323942e-05,0.0,42.34420560747666,42.36008676582763,42.345,10/09/2009-10/13/2009
-3.802403256266521e-06,2.759733239063536e-05,0.0,42.945554425228714,42.98857142857142,42.97,10/14/2009-10/16/2009
-1.3393399611649266e-05,2.54690990223909e-06,0.0,42.98684265010354,43.05971482240435,42.99,10/19/2009-10/21/2009
-1.8246104428213585e-05,-1.0354912562509221e-05,0.0,42.22693423597685,42.26448179271709,42.32,10/22/2009-10/26/2009
-1.186299571234786e-06,-1.0575754426612281e-17,0.0,41.17370078740159,41.32591774891775,41.25,10/27/2009-10/29/2009
-2.1136875279587574e-05,-2.364870618540295e-05,0.0,40.55142857142851,40.602707641196005,40.5,10/30/2009-11/03/2009
1.3761601368171812e-05,2.3847595491499953e-05,0.0,41.21289839572201,41.177351258581226,41.21,11/04/2009-11/06/2009
3.145770654423116e-05,4.0639633033663874e-05,0.0,42.553015350877196,42.55683333333333,42.53,11/09/2009-11/11/2009
1.0496310132968188e-05,2.149332008204356e-05,0.0,42.79844420600854,42.604606345475915,42.68,11/12/2009-11/16/2009
-8.837805947661699e-06,3.359368454215516e-06,0.0,42.94157210401877,42.97708912037038,43.06,11/17/2009-11/19/2009
1.53702025537097e-05,5.794414210664435e-06,0.0,42.957283582089566,43.05077009844135,43.08,11/20/2009-11/24/2009
-1.2437128645136156e-05,-4.988650910802241e-06,0.0,42.831671232876644,42.6767391304348,42.72,11/25/2009-11/30/2009
-5.72718673258209e-06,-1.5032519891947277e-05,0.0,43.28778688524594,43.27727272727273,43.29,12/01/2009-12/03/2009
-1.6880148027845276e-05,9.637253811147319e-06,0.0,43.22292307692311,43.15833895131088,43.25,12/04/2009-12/08/2009
1.4896547474828693e-05,-3.3954935613644065e-06,0.0,43.12966267682265,43.18057712765959,43.2,12/09/2009-12/11/2009
-4.130147269155983e-06,-5.5761875462697076e-06,0.0,43.6739015151516,43.653441441441444,43.68,12/14/2009-12/16/2009
1.1664471331132002e-05,9.48824586908431e-06,0.0,43.341696035242165,43.1562483702738,43.19,12/17/2009-12/21/2009
7.610528342132742e-06,8.844246685142964e-06,0.0,43.79216666666664,43.767380952380954,43.77,12/22/2009-12/24/2009
4.06778905784488e-06,-7.280212197952882e-06,0.0,43.95007795100209,44.003125,43.96,12/28/2009-12/30/2009
1.109099228010997e-05,-1.017489287627888e-06,0.0,44.17848800834196,44.24579234972675,44.26,12/31/2009-01/05/2010
1.4161659866667755e-05,7.138207585432103e-06,0.0,44.76993877551037,44.781828908554566,44.84,01/06/2010-01/08/2010
-2.2691182389117665e-06,-9.855157602735891e-06,0.0,44.9736475409836,45.10377906976743,45.03,01/11/2010-01/13/2010
7.024191370964422e-06,9.617446857350376e-06,0.0,44.981529535865036,45.12040178571428,45.08,01/14/2010-01/19/2010
-3.98030602736455e-05,-4.3383017355026705e-05,0.0,44.26395215311002,44.061015406162454,44.16,01/20/2010-01/22/2010
-4.001539352885647e-06,1.1077600056077739e-05,0.0,43.26853061224479,43.084523996852866,43.34,01/25/2010-01/27/2010
-5.959468591128746e-06,-4.486554504821009e-06,0.0,43.044655913978545,43.1033952254642,43.07,01/28/2010-02/01/2010
-2.6572507957135788e-05,-4.034466570897775e-05,0.0,43.23622287968442,42.977038539553746,43.51,02/02/2010-02/04/2010
-3.023931220703001e-06,-3.959768824014117e-06,0.0,42.07453567937439,42.129913419913414,42.11,02/05/2010-02/09/2010
2.9202030926631288e-06,1.4294503230188283e-05,0.0,42.251661538461555,42.25120319883678,42.24,02/10/2010-02/12/2010
1.3031301032765251e-05,1.5236384935662492e-05,0.0,43.29652747252748,43.411818181818184,43.4,02/16/2010-02/18/2010
-3.4152860021667007e-06,2.6911237143394704e-05,0.0,43.73840042372882,43.84574754901959,43.83,02/19/2010-02/23/2010
5.916721539545597e-06,6.913150260020179e-06,0.0,43.614948453608264,43.67776515151515,43.72,02/24/2010-02/26/2010
7.680168079314875e-06,4.018711135928764e-06,0.0,44.31722051282042,44.36847006651884,44.34,03/01/2010-03/03/2010
1.6128340200818995e-05,1.5333555099828846e-17,0.0,44.81288100208775,44.936875000000015,44.96,03/04/2010-03/08/2010
1.703953264620697e-05,3.7839085656829728e-06,0.0,45.36410064239838,45.32310204081632,45.37,03/09/2010-03/11/2010
7.833952470001044e-06,1.7167831564914906e-05,0.0,45.684105736782946,45.54986842105265,45.61,03/12/2010-03/16/2010
4.161491462761206e-06,1.1060819891728065e-05,0.0,46.317995495495516,46.3640350877193,46.34,03/17/2010-03/19/2010
1.2392888873754111e-05,5.741174480788586e-06,0.0,46.50590551181092,46.42883322346739,46.54,03/22/2010-03/24/2010
-2.977628335029632e-06,8.301189438663008e-06,0.0,46.77513432835833,46.79918300653594,46.79,03/25/2010-03/29/2010
-1.357525218545993e-06,-1.507492999680558e-06,0.0,46.80202116402112,46.782142857142844,46.78,03/30/2010-04/01/2010
1.6904581505500109e-06,9.371000648384987e-06,0.0,47.37160518444659,47.380595238095225,47.36,04/05/2010-04/07/2010
1.833470979075059e-05,2.0276101130192206e-05,0.0,47.59231521739154,47.62998255813953,47.6,04/08/2010-04/12/2010
1.6205882609669386e-05,2.927851561820571e-05,0.0,48.199796610169464,48.191813725490206,48.28,04/13/2010-04/15/2010
-1.1362849724055117e-06,1.8759723465330694e-05,0.0,47.863523600439045,47.753437500000004,47.76,04/16/2010-04/20/2010
7.011649394303546e-06,1.651424330177224e-05,0.0,48.17702760084925,48.15747346072186,48.22,04/21/2010-04/23/2010
-2.099682959073947e-05,3.2259769904130097e-18,0.0,47.933124387855095,47.571201923076934,47.65,04/26/2010-04/28/2010
4.092995053450968e-06,1.1991498031841235e-05,0.0,48.059090909090905,48.14597222222222,48.13,04/29/2010-05/03/2010
-6.243441931501548e-05,-4.2552249842705276e-05,0.0,46.36727602179834,46.880209876543205,46.89,05/04/2010-05/06/2010
1.4482895360620423e-05,-3.3009078770907144e-05,0.0,45.84034728406055,46.178985507246374,46.19,05/07/2010-05/11/2010
-2.3142931308559605e-05,-1.7233713344967858e-06,0.0,46.32182608695653,46.7483947368421,46.7,05/12/2010-05/14/2010
-1.8121178552862533e-05,-3.6497069877950444e-05,0.0,45.06233777777778,44.943957800511505,45.03,05/17/2010-05/19/2010
-1.0079686663654315e-05,1.026894701859884e-05,0.0,43.37275709219862,43.441293572984755,43.415,05/20/2010-05/24/2010
5.7514931420248904e-05,6.790876161249279e-05,0.0,43.16597806215729,43.43754388714733,43.435,05/25/2010-05/27/2010
-3.8846319760189346e-06,2.2494601220518562e-05,0.0,43.67774500475728,43.647777777777776,43.66,05/28/2010-06/02/2010
-4.7771026781104204e-05,-2.811776319866115e-05,0.0,43.156247654784316,42.63165277777779,43.03,06/03/2010-06/07/2010
2.917227775053697e-05,1.4769035081300432e-05,0.0,42.6547513812155,42.36686363636365,42.78,06/08/2010-06/10/2010
2.198984752630982e-05,3.9489032436820835e-05,0.0,43.80069790628115,43.86826666666667,43.89,06/11/2010-06/15/2010
7.2923342084930715e-06,-2.944813567378684e-18,0.0,44.43045606229138,44.45363611111111,44.45,06/16/2010-06/18/2010
-3.7558728620287594e-05,-4.524723651445313e-05,0.0,44.19234042553181,44.30384488448845,44.32,06/21/2010-06/23/2010
-9.667516565223531e-06,-9.348225355206127e-06,0.0,42.98156590683841,42.99296650717703,43.0,06/24/2010-06/28/2010
-3.0960954330608565e-05,-2.976256065428853e-05,0.0,41.429971590909126,41.51438934122872,41.67,06/29/2010-07/01/2010
2.920488797495569e-05,-1.697345266323046e-05,0.0,41.23430456852794,41.21233333333333,41.19,07/02/2010-07/07/2010
1.2020984663871896e-05,7.829322570139112e-06,0.0,42.79753218884116,42.676372549019604,42.85,07/08/2010-07/12/2010
5.204118769265821e-06,3.660441904150469e-05,0.0,43.683853754940664,43.657208305866845,43.71,07/13/2010-07/15/2010
-8.167612741153108e-06,-1.7788574450128077e-05,0.0,42.700530451866456,42.71297082228118,42.67,07/16/2010-07/20/2010
1.0900653991767161e-05,-3.7471206521489516e-06,0.0,43.42129554655874,43.54241666666667,43.54,07/21/2010-07/23/2010
5.4276353602235674e-06,9.988395832207174e-06,0.0,44.44109670987037,44.452935540069696,44.42,07/26/2010-07/28/2010
1.2563439537200256e-05,8.749350696110383e-06,0.0,44.38902083333345,44.15279463307776,44.21,07/29/2010-08/02/2010
1.4331074254947424e-06,1.3232602312997017e-05,0.0,44.942467811158814,44.94334108527131,44.94,08/03/2010-08/05/2010
6.497927992668087e-06,1.1407581906460182e-06,0.0,44.7417098445596,44.7901644736842,44.78,08/06/2010-08/10/2010
-2.3624630027484857e-05,-3.950464775640004e-06,0.0,43.4786518046709,43.40828703703703,43.42,08/11/2010-08/13/2010
1.1906018633809044e-05,7.590420921653864e-06,0.0,43.5814919354839,43.554325396825405,43.665,08/16/2010-08/18/2010
-2.7354804520217718e-05,-4.004004437783815e-05,0.0,42.8672838137472,42.878147058823515,42.87,08/19/2010-08/23/2010
-7.881944493534128e-06,2.1928382007135567e-06,0.0,42.118155650319856,42.116450892857145,42.17,08/24/2010-08/26/2010
1.6642613995887524e-06,5.66174514001297e-06,0.0,42.243023023022964,42.193055555555546,42.23,08/27/2010-08/31/2010
4.440486333525413e-05,3.560134808884655e-05,0.0,43.60993281075027,43.61427536231885,43.54,09/01/2010-09/03/2010
6.2909867475283435e-06,-4.2628468084698005e-06,0.0,44.06140954495009,44.04419307295505,44.04,09/07/2010-09/09/2010
1.451260582297978e-05,1.4216477093883996e-06,0.0,44.75629330254042,44.882002873563216,44.87,09/10/2010-09/14/2010
4.160448846849549e-06,1.4741538104472756e-05,0.0,44.86045348837197,44.88830409356727,44.86,09/15/2010-09/17/2010
4.257712564137225e-06,8.489470502825925e-06,0.0,45.370473506200746,45.377654088050306,45.37,09/20/2010-09/22/2010
1.4963230237269068e-05,3.955657338288354e-06,0.0,45.279350348027776,45.38977272727273,45.43,09/23/2010-09/27/2010
-3.155155341414624e-06,2.2270020752805733e-05,0.0,45.42003064351376,45.40100067385443,45.4,09/28/2010-09/30/2010
1.2640715754351258e-05,4.984597613412331e-06,0.0,45.581345776031576,45.51593750000001,45.535,10/01/2010-10/05/2010
6.532646049997527e-06,1.969728404009159e-05,0.0,46.23842995169075,46.267619047619064,46.22,10/06/2010-10/08/2010
9.318861278996942e-06,7.1738591520238026e-06,0.0,46.572339027595284,46.64875000000001,46.46,10/11/2010-10/13/2010
-4.526887597990395e-06,1.7476468551391472e-06,0.0,46.385893451720364,46.40134920634921,46.39,10/14/2010-10/18/2010
9.377449410861412e-06,4.815323209056907e-06,0.0,46.44912076271183,46.469166666666666,46.48,10/19/2010-10/21/2010
5.11433225278435e-07,-1.3641889135246619e-06,0.0,46.6618214285714,46.68911111111111,46.62,10/22/2010-10/26/2010
5.469908036721905e-06,-1.6890066004506665e-06,0.0,46.40207373271886,46.44823529411765,46.43,10/27/2010-10/29/2010
6.71265021768836e-06,1.3838156009370177e-05,0.0,46.67149999999995,46.68222222222222,46.68,11/01/2010-11/03/2010
1.4881706126852274e-05,5.921411865113139e-18,0.0,47.93041935483873,48.03031420765028,48.02,11/04/2010-11/08/2010
-9.217827637322103e-06,-1.6078495717031464e-05,0.0,47.67481438515082,47.66833333333334,47.66,11/09/2010-11/11/2010
-2.0255260027975563e-05,1.6823546298372235e-06,0.0,47.06325506937041,47.14193670886074,47.18,11/12/2010-11/16/2010
1.5286001623863664e-05,3.6657644887729485e-06,0.0,46.86903518728717,47.05879960317462,46.96,11/17/2010-11/19/2010
-2.439843829959196e-07,-3.213996569217507e-06,0.0,46.60651428571423,46.50986111111112,46.7,11/22/2010-11/24/2010
-2.956536824218498e-06,1.5583462153883162e-05,0.0,46.299521857923494,46.24589727463313,46.28,11/26/2010-11/30/2010
3.1199158458841233e-05,3.191859397589327e-05,0.0,47.57767213114744,47.75578571428571,47.77,12/01/2010-12/03/2010
1.1228596874103e-05,9.193539829655964e-06,0.0,48.19388497652589,48.275833333333324,48.23,12/06/2010-12/08/2010
1.0507718663654282e-05,1.4131049735251596e-05,0.0,48.87445000000005,48.77931944444447,48.92,12/09/2010-12/13/2010
2.5535055250480825e-07,1.701831572071069e-05,0.0,49.04544430538167,49.06300264550262,49.06,12/14/2010-12/16/2010
1.4693127485532434e-05,1.9410447331664466e-05,0.0,49.32687782805438,49.29897435897435,49.28,12/17/2010-12/21/2010
6.959682135603635e-06,8.199152489678854e-06,0.0,49.90753530166877,49.894935483870974,49.91,12/22/2010-12/27/2010
-1.0054849737870056e-06,-3.1907362847875036e-18,0.0,50.090175879396995,50.0553431372549,50.07,12/28/2010-12/30/2010
1.904458931548199e-05,2.346320951370899e-05,0.0,50.51818925233646,50.68643966547194,50.63,12/31/2010-01/04/2011
1.168567766187989e-05,-1.5040552231686823e-05,0.0,50.83747165532888,50.80999999999999,50.87,01/05/2011-01/07/2011
2.231151909270769e-05,1.0345446448278913e-05,0.0,50.953830275229464,50.94160853658538,50.87,01/10/2011-01/12/2011
6.8956565072264185e-06,5.465267468181991e-06,0.0,51.58045258620692,51.49256209150327,51.64,01/13/2011-01/18/2011
-3.948952928767101e-06,-1.5335946463499843e-05,0.0,51.337920489296614,51.498399064171124,51.34,01/19/2011-01/21/2011
6.2450706555047415e-06,-2.153107479109558e-06,0.0,51.76444227005876,51.71120967741935,51.76,01/24/2011-01/26/2011
-3.9395913454524e-06,1.0975672275990477e-05,0.0,51.7278920570264,51.639062499999994,51.63,01/27/2011-01/31/2011
1.176658307576514e-05,1.3300913420074014e-05,0.0,52.46052833813645,52.44215053763439,52.5,02/01/2011-02/03/2011
1.2656227319493768e-05,7.219330958582887e-06,0.0,52.945323819978135,52.89619105691057,53.1,02/04/2011-02/08/2011
6.1923921026755026e-06,4.786979549710558e-06,0.0,53.03018943170491,52.958653846153865,52.97,02/09/2011-02/11/2011
7.71833354091661e-06,4.975185521046713e-18,0.0,53.44581488933586,53.45232707509879,53.44,02/14/2011-02/16/2011
-9.484463182776145e-06,8.971372582128757e-06,0.0,53.665091299677776,53.64134615384616,53.79,02/17/2011-02/22/2011
2.653450491188537e-06,7.578892068665584e-18,0.0,52.83826130653265,52.88705673758865,52.85,02/23/2011-02/25/2011
-1.3069390768024077e-05,-8.167587954008727e-06,0.0,53.103533057851315,53.10776648351647,53.095,02/28/2011-03/02/2011
-8.030082642251853e-06,1.4603263018277624e-05,0.0,53.116787564766824,53.0566100628931,53.16,03/03/2011-03/07/2011
-8.448308604952746e-06,3.943462723198021e-18,0.0,53.02920454545454,53.32285256410256,53.21,03/08/2011-03/10/2011
-3.2725758108380967e-06,-1.1021709541803611e-17,0.0,52.074960079840366,52.222857142857144,52.155,03/11/2011-03/15/2011
5.5205300603019445e-06,-3.5530542490027942e-06,0.0,51.57068897637798,51.58024284638553,51.52,03/16/2011-03/18/2011
-8.172408792461209e-07,-4.679829594144647e-06,0.0,52.42114561027831,52.49220833333334,52.48,03/21/2011-03/23/2011
3.0633571475528845e-06,1.1782448899113783e-06,0.0,52.95434876210977,53.01079710144928,53.02,03/24/2011-03/28/2011
1.4657764298318233e-05,1.1622473688946139e-05,0.0,53.33659737417944,53.470279390420906,53.46,03/29/2011-03/31/2011
1.2368697267798724e-06,-2.7321657956917743e-06,0.0,53.81528239202653,53.785700194678824,53.81,04/01/2011-04/05/2011
-6.6917306277995585e-06,-1.904016234181935e-05,0.0,53.905124069478994,53.89404487179489,53.92,04/06/2011-04/08/2011
-1.68820616425154e-05,-1.2933790730318752e-05,0.0,53.25795266272192,53.34986751152071,53.14,04/11/2011-04/13/2011
-1.4234494003586052e-06,8.706977446729743e-18,0.0,52.808344017094036,52.8729655172414,52.83,04/14/2011-04/18/2011
2.11091951757079e-05,8.748074408177438e-06,0.0,53.23354983202657,53.41940217391304,53.45,04/19/2011-04/21/2011
1.7698062182770017e-05,9.922740640385077e-06,0.0,53.90461279461287,54.02664062500001,54.02,04/25/2011-04/27/2011
5.868630669616955e-06,1.0013194212758462e-05,0.0,54.64924648786717,54.67834302325582,54.66,04/28/2011-05/02/2011
-2.084020380538029e-05,1.767254279797231e-18,0.0,54.012650462962895,53.96752421307507,53.99,05/03/2011-05/05/2011
7.625173966405531e-06,2.911038667027777e-06,0.0,53.960262500000006,53.88619601328902,53.93,05/06/2011-05/10/2011
-1.766320794736161e-05,-4.439590543617983e-06,0.0,53.652110199296644,53.711505702067,53.63,05/11/2011-05/13/2011
1.0794400298467004e-05,-4.280492199253844e-06,0.0,53.335208333333355,53.42694214876032,53.34,05/16/2011-05/18/2011
-2.8992096380483357e-05,4.8800391534477754e-18,0.0,53.273900804289575,53.245565476190464,53.44,05/19/2011-05/23/2011
3.747241017748857e-06,-2.0574607887930366e-06,0.0,52.76355064027942,52.77862499999998,52.77,05/24/2011-05/26/2011
-1.827480331868954e-05,-2.733933119420306e-05,0.0,53.21965000000007,53.41163793103448,53.24,05/27/2011-06/01/2011
-2.6628085863381106e-05,-3.297307234076836e-05,0.0,51.990689277899364,52.197042410714275,52.1,06/02/2011-06/06/2011
-1.6904123875119163e-06,1.2932614866536344e-05,0.0,51.431987577639745,51.539752747252734,51.49,06/07/2011-06/09/2011
7.006860944375181e-06,-3.2432307149738414e-05,0.0,51.116809744779495,51.00048689138576,51.0,06/10/2011-06/14/2011
-6.780068016277589e-07,2.5760130713746492e-05,0.0,50.864930875576,50.83760869565218,50.9,06/15/2011-06/17/2011
1.3349095825452876e-05,1.7495388548408645e-06,0.0,51.65061224489791,51.83479970972422,51.79,06/20/2011-06/22/2011
7.715338662906929e-06,-7.892088313884067e-18,0.0,50.912227848101345,51.03392428785608,50.87,06/23/2011-06/27/2011
3.0548377260147194e-05,3.522217003748385e-05,0.0,51.98088998763899,52.07833333333333,52.06,06/28/2011-06/30/2011
1.1075595535599994e-05,1.626837182355084e-05,0.0,53.08183116883121,53.056869658119666,53.08,07/01/2011-07/06/2011
-3.381045779714136e-05,4.353466678811042e-06,0.0,52.942257217847775,52.29666666666667,52.97,07/07/2011-07/11/2011
-1.6455308395634035e-06,-1.6089075490330056e-05,0.0,52.24753993610225,52.21859243697479,52.24,07/12/2011-07/14/2011
2.399462527720008e-07,-6.974084391377045e-06,0.0,51.65018726591764,51.79280722326453,51.73,07/15/2011-07/19/2011
1.7152651636192652e-05,-9.825291776853682e-18,0.0,52.76641056422569,52.9288904109589,52.92,07/20/2011-07/22/2011
-2.4111984389398883e-05,-1.0516906208942497e-05,0.0,52.27990476190468,52.42345722300139,52.46,07/25/2011-07/27/2011
-1.611253112314143e-05,4.759717300452135e-06,0.0,50.87853734439839,50.84930735930736,50.89,07/28/2011-08/01/2011
-6.127474238174497e-05,-6.987223099010314e-05,0.0,48.893664772727305,49.08011574952562,48.95,08/02/2011-08/04/2011
-1.6058643243135288e-05,-8.732569613201298e-05,0.0,45.42655781112089,44.92942488262911,45.06,08/05/2011-08/09/2011
2.4647339364075144e-05,9.074037773152198e-05,0.0,45.05662276575729,45.49533333333333,44.91,08/10/2011-08/12/2011
1.742068132709756e-05,3.1060338287887663e-06,0.0,46.66161060142714,46.649361413043486,46.63,08/15/2011-08/17/2011
-3.477895611684659e-05,-2.3623114235094993e-05,0.0,44.54761352656997,44.5373252118644,44.59,08/18/2011-08/22/2011
2.796806265498496e-05,6.910680827481231e-05,0.0,45.313278846153814,45.532195945945936,45.48,08/23/2011-08/25/2011
5.09334977045847e-05,4.845475980956024e-05,0.0,46.52643318965512,46.82055588177726,46.84,08/26/2011-08/30/2011
-5.027535880031629e-05,-6.196766776500292e-05,0.0,46.99869772998811,46.742875,47.4,08/31/2011-09/02/2011
4.18927701884588e-05,2.7902731767100638e-05,0.0,45.79808535178782,46.220757575757574,46.13,09/06/2011-09/08/2011
-1.2652535482353039e-06,2.4969864123765955e-05,0.0,44.92851724137932,44.87291666666667,44.9,09/09/2011-09/13/2011
4.123904485463936e-05,1.0839795376514643e-05,0.0,46.505910256410246,45.81561818181819,46.7,09/14/2011-09/16/2011
-4.899522212994195e-05,-5.429339085193582e-05,0.0,46.29998708010337,46.08897794117646,46.224999999999994,09/19/2011-09/21/2011
4.018235461922213e-05,-2.4710122663414337e-05,0.0,43.69605590062106,43.646488095238084,43.63,09/22/2011-09/26/2011
-1.6059661490207143e-05,2.352041988369329e-06,0.0,45.36349087003225,45.127189655172415,45.29,09/27/2011-09/29/2011
-1.9211204235043976e-05,-1.3234602205562303e-05,0.0,43.39260223048326,43.828797123015875,43.28,09/30/2011-10/04/2011
2.5063119793158243e-05,6.41232184608707e-05,0.0,44.659826254826285,44.91890873015873,44.85,10/05/2011-10/07/2011
3.2369320937175674e-05,2.463900472135981e-05,0.0,46.501974885844724,46.415672952725394,46.39,10/10/2011-10/12/2011
-6.174617581052489e-06,-1.0660957650362321e-05,0.0,46.697534403669735,46.802333333333344,46.685,10/13/2011-10/17/2011
4.0466121412919976e-05,3.1878729508434016e-05,0.0,47.289221076746784,47.330271646859075,47.28,10/18/2011-10/20/2011
-2.1455366236396268e-06,-7.078808871027194e-06,0.0,48.524421534936934,48.39492682926827,48.44,10/21/2011-10/25/2011
3.987223475031139e-05,1.2480223069328614e-05,0.0,49.70689692982452,50.11562971859987,50.22,10/26/2011-10/28/2011
-3.076136254712944e-05,-2.025816968614197e-05,0.0,48.485822784810104,48.14182178035534,48.25,10/31/2011-11/02/2011
7.904267324160256e-06,1.0994601006704778e-05,0.0,48.839263565891535,48.84503846153846,48.825,11/03/2011-11/07/2011
-2.233751214085538e-05,2.6853253439440335e-05,0.0,48.80354838709676,48.723124999999996,48.64,11/08/2011-11/10/2011
-5.224871659688513e-06,-2.154322534427999e-05,0.0,49.07072776280323,48.947604166666665,49.04,11/11/2011-11/15/2011
-2.4306808145838614e-05,1.286935040065747e-05,0.0,47.944258823529395,47.596842105263164,47.65,11/16/2011-11/18/2011
-3.3240384242415494e-05,-2.3839418121250778e-05,0.0,46.10639921722116,46.26766666666667,46.32,11/21/2011-11/23/2011
4.6986449561705686e-05,-2.4976709314910364e-06,0.0,46.374305177111694,46.57698026779423,46.56,11/25/2011-11/29/2011
1.6536015032906495e-05,2.2948889391616927e-19,0.0,48.67720338983053,48.46973333333334,48.68,11/30/2011-12/02/2011
1.3340330226314825e-05,1.9185139767556727e-05,0.0,49.39136526946117,49.40540792540793,49.37,12/05/2011-12/07/2011
-2.284486207259376e-05,-1.3439704616196293e-05,0.0,48.73821561338287,48.9798148148148,48.74,12/08/2011-12/12/2011
-2.0473590936054473e-05,-2.0115965724332726e-05,0.0,48.097673325499464,47.92493065518889,47.97,12/13/2011-12/15/2011
1.4972872539120029e-05,5.7061992950901355e-06,0.0,48.13591657519205,48.04790584415585,48.16,12/16/2011-12/20/2011
3.129972377139206e-05,1.7004915572512288e-05,0.0,49.368677685950395,49.75895161290323,49.53,12/21/2011-12/23/2011
0.0003591502380708252,9.370534672804024e-06,0.0,49.80048809523808,49.88665789473684,49.81,12/27/2011-12/29/2011
1.7654911960329912e-05,2.189813018323986e-06,0.0,50.48886850152906,50.69291226215645,50.67,12/30/2011-01/04/2012
1.4207649120619262e-05,1.070524139672195e-05,0.0,50.82348780487818,50.87612280701754,50.88,01/05/2012-01/09/2012
1.1736361876576977e-05,9.639330117698125e-06,0.0,51.63043073341095,51.5824107142857,51.61,01/10/2012-01/12/2012
2.5902196600578604e-05,8.60992893133838e-06,0.0,51.7705542168674,51.62473809523809,51.85,01/13/2012-01/18/2012
6.895222015274896e-06,6.114388359526277e-06,0.0,52.550153508771906,52.53442528735633,52.52,01/19/2012-01/23/2012
3.1909969361363858e-06,-1.474752246001811e-06,0.0,52.605701559020105,52.616867559523804,52.57,01/24/2012-01/26/2012
-2.635288001863932e-06,3.0004568917336018e-05,0.0,52.15836197021759,52.17363553113552,52.16,01/27/2012-01/31/2012
2.5288711007785114e-05,4.671085736461423e-06,0.0,53.13218120805375,52.864204545454555,52.91,02/01/2012-02/03/2012
1.1941189502720644e-05,9.716235770444553e-06,0.0,53.71625874125887,53.78236363636361,53.74,02/06/2012-02/08/2012
-5.292974367838701e-06,-8.423748616761052e-06,0.0,53.75548156956013,53.470862068965516,53.84,02/09/2012-02/13/2012
1.1198842496267527e-05,-1.595612372082033e-05,0.0,53.737691415313215,53.65608333333333,53.67,02/14/2012-02/16/2012
3.4235439559684274e-06,3.848633799135209e-06,0.0,54.400800492610834,54.347272727272724,54.39,02/17/2012-02/22/2012
1.1155242383596695e-05,6.732491381647788e-06,0.0,54.358777348777295,54.36115384615384,54.37,02/23/2012-02/27/2012
-4.3267117822456814e-07,3.1554501286254814e-06,0.0,54.61306242638403,54.59263122923588,54.62,02/28/2012-03/01/2012
-2.8481074729433257e-05,-2.0228174310789297e-06,0.0,54.06266739846315,54.167848837209306,54.17,03/02/2012-03/06/2012
2.636353985060338e-05,1.4866593765812246e-05,0.0,54.23266899766902,54.31833333333335,54.25,03/07/2012-03/09/2012
2.01305031666691e-05,1.3717306743306954e-05,0.0,55.15993281075017,55.12729312762971,55.13,03/12/2012-03/14/2012
1.5303566781904957e-05,1.3377903840131334e-05,0.0,56.15203631647214,56.161730769230786,56.18,03/15/2012-03/19/2012
-8.910722129666935e-06,4.5323656195280335e-06,0.0,55.96739185750631,55.8137261904762,56.13,03/20/2012-03/22/2012
1.2231076219558666e-05,-6.281786072614488e-06,0.0,56.31600243013359,56.472775897088695,56.47,03/23/2012-03/27/2012
-8.48673135550791e-07,2.3243970919052365e-05,0.0,55.86840665873952,55.8746875,55.89,03/28/2012-03/30/2012
-1.1552521103201877e-05,2.9784842120660095e-05,0.0,56.0422791712104,56.14975185528756,56.12,04/02/2012-04/04/2012
-3.5113377141433935e-05,7.988709487317365e-06,0.0,54.56539812646375,54.148529411764706,54.55,04/05/2012-04/10/2012
5.080390892243896e-07,3.645311228539562e-06,0.0,54.44145604395602,54.459827586206906,54.44,04/11/2012-04/13/2012
1.0467324285121744e-05,-2.9221908328984927e-06,0.0,54.78172857142845,54.91820346320346,54.89,04/16/2012-04/18/2012
-1.6220803170282544e-05,-2.39476059229655e-05,0.0,54.55593712212821,54.727393939393956,54.71,04/19/2012-04/23/2012
3.291600484357289e-05,3.567881231990559e-05,0.0,54.94149779735681,54.9582512315271,54.94,04/24/2012-04/26/2012
4.768676952416857e-06,3.345175077297581e-05,0.0,55.59497206703911,55.35648496240601,55.48,04/27/2012-05/01/2012
-2.9633043449732506e-05,-4.8031285678965335e-05,0.0,54.97503121098626,55.208383333333316,55.18,05/02/2012-05/04/2012
-3.230757770721149e-05,2.455684012552278e-05,0.0,53.850433639947475,53.77331932773111,53.79,05/07/2012-05/09/2012
-1.4824525388954753e-05,-2.0038314526778598e-05,0.0,53.626226175349444,53.81894736842105,53.79,05/10/2012-05/14/2012
-2.9855868407269568e-05,-5.2623186149968325e-05,0.0,52.40095794392529,52.58451169590643,52.49,05/15/2012-05/17/2012
-1.5880453124042022e-05,3.181280985148356e-05,0.0,51.641565967940856,51.56138392857143,51.55,05/18/2012-05/22/2012
1.3442883282779445e-05,4.164580890608548e-05,0.0,51.684551971326194,51.815104006163324,51.8,05/23/2012-05/25/2012
-1.4129753076461494e-05,4.276819851335898e-06,0.0,51.908189349112504,52.05915509259261,51.81,05/29/2012-05/31/2012
-5.351298806897642e-06,-6.66880757220407e-18,0.0,50.388882863340584,50.525643192488275,50.44,06/01/2012-06/05/2012
3.4160148926636375e-05,9.727670874613619e-06,0.0,51.9367052767053,52.04957792207793,51.99,06/06/2012-06/08/2012
-1.30247879458461e-05,5.794386144421254e-07,0.0,52.15826564215144,52.20704365079366,52.16,06/11/2012-06/13/2012
1.4517779132033744e-05,2.625885426777786e-05,0.0,52.83814111261861,52.95548198636806,52.94,06/14/2012-06/18/2012
-1.952840919235998e-05,-1.0817664727325548e-05,0.0,53.5151335656215,53.64784242424243,53.68,06/19/2012-06/21/2012
-1.4165750438278105e-05,2.2617003089758142e-05,0.0,52.32165384615381,52.417719298245615,52.25,06/22/2012-06/26/2012
4.334810622866704e-05,8.132029893983952e-06,0.0,52.97710777626191,52.69470716783216,52.76,06/27/2012-06/29/2012
-1.6994960568316014e-05,-1.7664184581234417e-05,0.0,54.14720720720722,54.169653846153835,54.12,07/02/2012-07/05/2012
6.8442862175784635e-06,9.964589876219672e-06,0.0,53.347196149217744,53.41752898550725,53.36,07/06/2012-07/10/2012
2.425167005250507e-05,2.0985059810285986e-05,0.0,53.09150610583447,53.1095,53.05,07/11/2012-07/13/2012
2.0981099003503916e-05,4.322291444556713e-05,0.0,53.89914163090123,53.63611721611722,53.9,07/16/2012-07/18/2012
-2.4354909357580753e-05,2.3586630220979825e-06,0.0,53.8003740648378,53.82025000000001,53.87,07/19/2012-07/23/2012
2.1550259476867366e-05,2.9225492987049897e-05,0.0,53.1173107049609,53.01326865671642,52.99,07/24/2012-07/26/2012
-6.712357579434782e-06,9.774598871705624e-18,0.0,54.68335830212238,54.680797101449286,54.7,07/27/2012-07/31/2012
6.77634158873801e-06,2.3488962066341404e-17,0.0,54.558883878241396,54.68492767598846,54.69,08/01/2012-08/03/2012
1.176542776546874e-05,4.2426959410640895e-06,0.0,55.59255541069111,55.658172207446796,55.65,08/06/2012-08/08/2012
3.646404720464714e-06,2.639009850590894e-06,0.0,55.727405405405385,55.73340909090909,55.72,08/09/2012-08/13/2012
5.411746210961115e-06,2.5610818283850795e-06,0.0,55.92563157894739,55.90749999999999,55.88,08/14/2012-08/16/2012
-2.384461376080727e-06,-4.746647880597053e-06,0.0,56.262444196428554,56.205081775700904,56.21,08/17/2012-08/21/2012
-2.6279282105720995e-06,0.0,0.0,55.84813509544791,55.8828947368421,55.86,08/22/2012-08/24/2012
-2.7185543477288594e-06,-8.596684971012809e-06,0.0,55.911533149171234,55.8900641025641,55.91,08/27/2012-08/29/2012
1.777439452500581e-06,-1.919498009329233e-06,0.0,55.64550070521852,55.59276023203351,55.6,08/30/2012-09/04/2012
3.973450150260094e-05,5.106791022049439e-06,0.0,56.67912515188336,56.8395,56.91,09/05/2012-09/07/2012
2.140155638214647e-06,1.8232987309519367e-06,0.0,57.312758152173984,57.32373333333334,57.29,09/10/2012-09/12/2012
1.7465185551717643e-05,9.164475663364856e-06,0.0,58.3550546780073,58.36604545454543,58.39,09/13/2012-09/17/2012
2.077278579883793e-06,1.1982391578993909e-05,0.0,58.159565741857655,58.09602941176472,58.13,09/18/2012-09/20/2012
-2.0753694018512953e-05,-1.1650886736809921e-05,0.0,58.19043859649121,58.2735,58.24,09/21/2012-09/25/2012
4.3493389443888407e-07,-3.7774336496115574e-06,0.0,57.45410736579286,57.41866666666667,57.41,09/26/2012-09/28/2012
4.9876729034060525e-06,-7.228776602849738e-06,0.0,57.8420277481323,57.8877539215686,57.85,10/01/2012-10/03/2012
4.464847688953916e-06,1.1393090118625248e-06,0.0,58.56795539033459,58.49380769230768,58.5,10/04/2012-10/08/2012
-1.5491526452266524e-05,-6.402195965876116e-06,0.0,57.91327586206904,57.776335227272725,57.91,10/09/2012-10/11/2012
1.8580933274879597e-05,1.2237565737412399e-17,0.0,57.75500717360127,57.6397077922078,57.64,10/12/2012-10/16/2012
-1.0234752229253776e-05,7.974367634106118e-06,0.0,58.6418610421836,58.69112307692308,58.78,10/17/2012-10/19/2012
-2.070285278702496e-05,-2.8032038845291586e-06,0.0,57.28108229988744,57.16852,57.18,10/22/2012-10/24/2012
-7.246952826080908e-06,1.5158589316058593e-06,0.0,57.03848484848478,57.07988738738737,57.04,10/25/2012-10/31/2012
8.815180958507569e-06,1.3327820900334609e-05,0.0,57.46764571428563,57.648227513227525,57.58,11/01/2012-11/05/2012
-2.7253926293098534e-05,-1.1077278434580817e-05,0.0,56.89460978147764,56.58922248803826,56.62,11/06/2012-11/08/2012
2.7694137879083423e-06,-2.2168083075523808e-05,0.0,55.922343909928124,55.88869364754099,55.91,11/09/2012-11/13/2012
-1.5546227778430178e-05,-2.4426098328103702e-05,0.0,54.872417582417754,54.7365994623656,54.77,11/14/2012-11/16/2012
1.2460322263461067e-05,1.9435283404516885e-05,0.0,55.95039087947898,55.93501666666667,55.97,11/19/2012-11/21/2012
6.619987818429259e-07,-4.0101054761674295e-06,0.0,56.64736318407949,56.61051470588235,56.64,11/23/2012-11/27/2012
1.7951656898821483e-05,1.8257519540008337e-05,0.0,56.938760162601675,57.095803225806435,57.09,11/28/2012-11/30/2012
-6.75740440330912e-06,-1.6784038786716576e-05,0.0,57.07240790655886,57.00577868852459,57.03,12/03/2012-12/05/2012
9.565180206320338e-06,9.182862964540372e-07,0.0,57.54015259409954,57.52044642857143,57.57,12/06/2012-12/10/2012
-7.77241788262243e-07,-1.1561925093779148e-05,0.0,58.181494149414895,58.17535897435896,58.19,12/11/2012-12/13/2012
2.3737994254222315e-05,1.3427939315723697e-05,0.0,58.408740079364996,58.386422413793085,58.34,12/14/2012-12/18/2012
-1.2450796081021217e-05,-8.289703363014924e-06,0.0,58.90381870781103,58.995560983827474,59.0,12/19/2012-12/21/2012
-6.773684710282234e-06,-6.8085574991497025e-06,0.0,58.146531100478434,58.22001748251749,58.23,12/24/2012-12/27/2012
3.439937887486111e-06,7.892250966759581e-06,0.0,58.38640723981902,57.93609090909091,57.9,12/28/2012-01/02/2013
5.602155709788866e-18,-9.162957285348394e-06,0.0,59.94487712665418,59.95076923076924,59.95,01/03/2013-01/07/2013
1.1630248643802478e-05,5.968071387955647e-18,0.0,59.92929347826075,60.00387427270429,59.92,01/08/2013-01/10/2013
3.409985025017061e-06,1.5995077019598373e-05,0.0,60.355132482826406,60.30479166666669,60.33,01/11/2013-01/15/2013
1.1250925579731834e-05,1.6510255899248632e-05,0.0,60.837649325626245,60.91932873730043,60.9,01/16/2013-01/18/2013
1.1792966842172365e-05,6.125797037122168e-06,0.0,61.675303921568585,61.60291358024692,61.61,01/22/2013-01/24/2013
7.052258210491536e-06,1.3315440738315077e-05,0.0,62.270371093749766,62.20862426449986,62.24,01/25/2013-01/29/2013
4.6161895440939895e-06,6.597306643856582e-06,0.0,62.49895953757236,62.406192493946754,62.48,01/30/2013-02/01/2013
6.424470755653722e-06,1.648190803462823e-05,0.0,62.581071770335086,62.47899951076316,62.65,02/04/2013-02/06/2013
1.762491059702519e-06,4.655302636646444e-06,0.0,62.80651560926492,62.906506410256405,62.91,02/07/2013-02/11/2013
5.281443984734193e-06,2.9821281310851263e-06,0.0,63.23644791666671,63.247280894756116,63.24,02/12/2013-02/14/2013
-6.918841429630968e-06,-5.135791657693738e-06,0.0,63.33419226957379,63.455679102302526,63.36,02/15/2013-02/20/2013
-8.389486600830939e-06,1.1660630080034241e-05,0.0,62.75008678881376,62.59407142857145,62.75,02/21/2013-02/25/2013
1.0222678969916353e-05,2.3676019538762767e-05,0.0,62.67013489208622,62.40879213483146,62.84,02/26/2013-02/28/2013
1.700894840346965e-05,-2.8723802671376677e-06,0.0,63.361548556430215,63.15298780487805,63.14,03/01/2013-03/05/2013
5.920148488192706e-06,1.0386746998921168e-07,0.0,64.3112190476192,64.30555263157893,64.3,03/06/2013-03/08/2013
4.280694174558134e-06,1.307098987899921e-06,0.0,64.75674618320606,64.77686886708295,64.76,03/11/2013-03/13/2013
-3.433083954685091e-06,5.681398711315762e-06,0.0,65.07282931354358,65.05208333333333,65.12,03/14/2013-03/18/2013
-5.770029237012363e-06,-3.2252238369692692e-06,0.0,64.76428571428578,64.77621621621621,64.79,03/19/2013-03/21/2013
6.2009133954539866e-06,3.0097845800879954e-18,0.0,64.87684643510063,64.84889610389607,64.875,03/22/2013-03/26/2013
1.8358803133635725e-06,3.837887747242499e-06,0.0,65.12526075022866,65.16891520467837,65.12,03/27/2013-04/01/2013
-4.776864335035287e-06,-1.3252185180839807e-05,0.0,65.06466605672463,64.96454545454546,64.96,04/02/2013-04/04/2013
2.099413017600989e-05,2.4544518462609956e-05,0.0,65.00062827225132,64.86537660256411,64.83,04/05/2013-04/09/2013
1.4398098672566423e-05,1.9509241320161986e-05,0.0,66.24845588235283,66.14880952380952,66.21,04/10/2013-04/12/2013
-1.92694251100449e-05,-8.870333028903562e-06,0.0,65.05661764705874,65.10499999999999,65.14500000000001,04/15/2013-04/17/2013
4.163298537615797e-06,5.531694298143835e-18,0.0,64.54002884615379,64.56694444444445,64.52,04/18/2013-04/22/2013
1.2913263364410514e-05,1.3670102740623254e-05,0.0,65.79075961538445,65.80887412587411,65.77,04/23/2013-04/25/2013
6.603335422140393e-06,1.201682385217383e-05,0.0,66.17364837398375,66.35081061692969,66.23,04/26/2013-04/30/2013
9.648106707904922e-06,5.067118672107415e-06,0.0,66.52162570888467,66.28958333333333,66.3,05/01/2013-05/03/2013
1.333521751432052e-05,7.57620849460924e-06,0.0,67.4805329153605,67.4460593900481,67.48,05/06/2013-05/08/2013
-1.1004478699096835e-06,7.140084282821232e-06,0.0,67.675505857295,67.74559113300492,67.68,05/09/2013-05/13/2013
9.028485790153388e-06,1.1245936095613539e-05,0.0,68.69750252780597,68.73714058524173,68.78,05/14/2013-05/16/2013
1.0958440358308951e-05,1.1641218093166786e-05,0.0,69.4812704918032,69.54636645962732,69.53,05/17/2013-05/21/2013
-9.47956453862832e-06,-7.51826443982917e-18,0.0,69.04373015873016,68.91037549407116,68.81,05/22/2013-05/24/2013
2.162866506796724e-06,-1.2195266022824707e-07,0.0,69.21217131474096,69.28796075837741,69.27,05/28/2013-05/30/2013
-9.352721541463742e-06,-4.8124491131498e-06,0.0,68.4812627669451,68.3682558139535,68.41,05/31/2013-06/04/2013
1.7375439902742582e-05,8.981355429302337e-06,0.0,67.82807692307694,67.72145833333333,67.59,06/05/2013-06/07/2013
-3.185396490142415e-05,-2.15405015241778e-05,0.0,68.41562933597625,68.42954451345756,68.4,06/10/2013-06/12/2013
2.4757876991777556e-05,6.912987004138683e-07,0.0,68.45452286282318,68.41951310861424,68.45,06/13/2013-06/17/2013
-3.368827126903564e-05,-5.4079278427073245e-06,0.0,68.3283983140147,67.42434782608697,68.96,06/18/2013-06/20/2013
-5.255304378754809e-06,2.6430535785520327e-06,0.0,66.43189463955636,66.56884440474259,66.55,06/21/2013-06/25/2013
3.48302019797676e-05,2.650513304992087e-05,0.0,67.64661322645297,67.73244845360824,67.72,06/26/2013-06/28/2013
-2.7928959601660635e-06,-3.062599540000618e-06,0.0,67.94034663865557,67.95048469387754,68.03,07/01/2013-07/03/2013
2.2065467048219157e-05,2.011814197948172e-05,0.0,68.83409473684206,68.93581632653064,68.96,07/05/2013-07/09/2013
1.606215851166081e-05,1.7145571157581968e-06,0.0,69.90840961098384,69.80994949494948,70.05,07/10/2013-07/12/2013
3.264533316067552e-07,-7.025794526300185e-06,0.0,70.50967816091956,70.57888888888888,70.56,07/15/2013-07/17/2013
1.339637974467504e-05,4.9052550724202545e-06,0.0,71.28406580493544,71.19862500000002,71.22,07/18/2013-07/22/2013
-6.8007162559815055e-06,-5.344027817447249e-06,0.0,71.24729119638835,71.12804398148145,71.155,07/23/2013-07/25/2013
1.0304610244927108e-06,-4.4190212371350884e-06,0.0,70.92658333333321,70.90693877551021,70.94,07/26/2013-07/30/2013
9.64872877714395e-06,4.805939034251024e-06,0.0,71.57826262626263,71.66571748878923,71.69,07/31/2013-08/02/2013
-1.0080017204657595e-05,4.5143467956865194e-18,0.0,71.39533707865178,71.30363768115942,71.32,08/05/2013-08/07/2013
-4.928555731824011e-06,3.7682752312068354e-07,0.0,71.14870488322728,71.19056998556994,71.13,08/08/2013-08/12/2013
-1.826815687246763e-05,-1.0930108588885047e-06,0.0,70.6563336875665,70.90680735930738,70.88,08/13/2013-08/15/2013
-4.637118938948906e-06,-2.6631938664792857e-06,0.0,69.50021829521816,69.52535460992911,69.51,08/16/2013-08/20/2013
1.1230926373548722e-05,1.4365752146033338e-06,0.0,69.35267543859656,69.27955825864278,69.34,08/21/2013-08/23/2013
-1.9161302260675065e-05,-9.294937676481404e-06,0.0,68.94960416666669,68.59869881857905,68.66,08/26/2013-08/28/2013
3.563224089009309e-06,-4.049533905819885e-06,0.0,68.61381725888329,68.58107185155941,68.57,08/29/2013-09/03/2013
1.1929770834834568e-05,-1.4418571144655735e-06,0.0,69.23153575615464,69.32722222222222,69.29,09/04/2013-09/06/2013
2.724748254769632e-05,1.944505849248213e-05,0.0,70.25617359413215,70.378375,70.4,09/09/2013-09/11/2013
7.074214020019989e-06,-1.4618368528043933e-06,0.0,70.92063545150502,70.70851091142487,70.72,09/12/2013-09/16/2013
1.3018537377798296e-05,2.8528907327419874e-06,0.0,71.81211084905667,71.7648717948718,71.58,09/17/2013-09/19/2013
-2.276699408757735e-05,-3.127776117694083e-05,0.0,71.24811735941319,71.09739326765188,71.12,09/20/2013-09/24/2013
-4.461804553595956e-06,-9.867143364869947e-06,0.0,70.75994375703033,70.83944444444444,70.79,09/25/2013-09/27/2013
-6.7345638580413e-05,1.0366590096743288e-05,0.0,70.29863138686122,70.3526838235294,70.35499999999999,09/30/2013-10/02/2013
-7.093714615028221e-06,-8.80764716651595e-07,0.0,70.10967908902701,70.11052083333334,70.11,10/03/2013-10/07/2013
1.4281903769265854e-05,-2.7202890223560247e-06,0.0,69.77906309751434,69.47764354066987,69.52,10/08/2013-10/10/2013
4.232475753781173e-06,-3.8912625654132495e-06,0.0,71.20359358288769,71.15690476190477,71.23,10/11/2013-10/15/2013
2.0759360304300788e-05,2.02031631343213e-06,0.0,72.23390721649488,72.23454545454547,72.19,10/16/2013-10/18/2013
-1.4439062306720158e-07,-4.7654698938848414e-06,0.0,72.9652836134454,72.84628125,72.85499999999999,10/21/2013-10/23/2013
7.86570380420551e-06,1.2489414507966274e-05,0.0,73.14549425287362,73.12443277310925,73.13,10/24/2013-10/28/2013
-9.250024486431443e-06,1.7581293594314926e-05,0.0,73.56794780545667,73.49502577319586,73.61,10/29/2013-10/31/2013
4.572886250357902e-06,1.2616723839080596e-05,0.0,73.4084688995215,73.46196924603173,73.445,11/01/2013-11/05/2013
5.37697255841999e-06,8.289435679703336e-06,0.0,73.64875145857638,73.71319047619052,73.72,11/06/2013-11/08/2013
6.485286644223266e-06,4.334081557277409e-06,0.0,73.95275600505687,73.84763392857141,73.99,11/11/2013-11/13/2013
7.039086046867928e-06,8.543691028808673e-18,0.0,74.84086659065,74.85867241379312,74.84,11/14/2013-11/18/2013
5.9633123541210595e-06,5.625622923568003e-06,0.0,74.88184559710488,74.86700476190475,74.89,11/19/2013-11/21/2013
4.880107299786572e-06,3.6253383343467896e-18,0.0,75.41047560975609,75.38664212076581,75.39,11/22/2013-11/26/2013
-4.272363014955636e-06,3.4480857488060027e-06,0.0,75.32969121140137,75.31016393442623,75.32,11/27/2013-12/02/2013
-9.615041357708166e-06,-1.494579068568555e-05,0.0,74.54198266522212,74.54385714285715,74.55,12/03/2013-12/05/2013
2.500383039697853e-06,5.395852004268514e-06,0.0,75.08928654970751,75.06623319892473,75.08,12/06/2013-12/10/2013
-1.7290325737714907e-05,-2.139519762964765e-05,0.0,74.08410046728959,74.02676780446693,73.99,12/11/2013-12/13/2013
1.9043904946444034e-05,9.315816364618431e-06,0.0,74.28155637254899,74.12714285714287,74.19,12/16/2013-12/18/2013
1.3261652198777532e-05,1.2652166002072377e-05,0.0,75.54741176470598,75.66643867924529,75.6,12/19/2013-12/23/2013
1.4313712730630177e-05,5.509744600062819e-06,0.0,76.48280453257809,76.57871621621624,76.56,12/24/2013-12/27/2013
-8.262490277886568e-06,-1.2506190582083399e-06,0.0,76.60999999999999,76.66726176295415,76.64,12/30/2013-01/02/2014
4.1561529152650295e-06,6.837935214988455e-06,0.0,76.45633786848073,76.49105555555556,76.48,01/03/2014-01/07/2014
2.0887734273954573e-06,-9.090181889260189e-07,0.0,76.46633561643841,76.484375,76.47,01/08/2014-01/10/2014
4.629396372286893e-06,-1.0842021724855044e-18,0.0,76.44368421052633,76.40600625000002,76.38499999999999,01/13/2014-01/15/2014
-3.0470560543246847e-06,-3.5380321566358384e-06,0.0,76.48619663648135,76.48481658692185,76.53,01/16/2014-01/21/2014
-3.8314558296349126e-05,-3.513151437634387e-05,0.0,75.44498320268755,75.54636363636362,75.51,01/22/2014-01/24/2014
-1.8113052800395946e-06,-3.506462228471311e-06,0.0,74.19196502057618,74.18125,74.18,01/27/2014-01/29/2014
-3.21542932776943e-05,-4.631742171847936e-05,0.0,73.63625260960326,73.80597402597402,74.0,01/30/2014-02/03/2014
1.3338765723373777e-05,1.6401932879442756e-05,0.0,72.72846408839781,72.58421306818178,72.59,02/04/2014-02/06/2014
1.9702957976487158e-05,2.5000128434730988e-05,0.0,74.25381727158933,74.03286880927291,74.08,02/07/2014-02/11/2014
1.2639515195229852e-05,1.2834674181707754e-05,0.0,75.29442857142853,75.32103124999998,75.25,02/12/2014-02/14/2014
-1.5933456552435372e-06,-5.81661558369753e-18,0.0,75.8753260869565,75.93916666666667,75.92,02/18/2014-02/20/2014
6.184674519673555e-07,-1.1295101458823889e-05,0.0,76.16516431924886,76.13419642857144,76.13,02/21/2014-02/25/2014
8.337196979391347e-06,3.17424826953597e-18,0.0,76.38958775029447,76.27995614035086,76.28,02/26/2014-02/28/2014
1.6156963870496295e-05,5.638282957309777e-06,0.0,76.73082389289382,77.09350126582277,77.07,03/03/2014-03/05/2014
4.080895618026111e-06,8.243566653200308e-06,0.0,77.53340958605669,77.53475127551023,77.54,03/06/2014-03/10/2014
-1.6452829486713902e-05,-3.0667636459260535e-05,0.0,77.0753992015966,77.12171568627451,77.13,03/11/2014-03/13/2014
1.5556300091601957e-05,2.1417266759634735e-05,0.0,76.95028884462157,76.94258912655972,76.96,03/14/2014-03/18/2014
3.7123357602863845e-06,-1.169624844427709e-06,0.0,77.69651785714298,77.64916666666667,77.67,03/19/2014-03/21/2014
-2.9313068807057527e-06,3.328534707870528e-06,0.0,77.84530054644799,77.92906455862978,77.86,03/24/2014-03/26/2014
1.343605908635267e-05,-7.996577507664725e-07,0.0,78.07370100273452,77.81774999999999,78.09,03/27/2014-03/31/2014
6.059046547998584e-06,6.350137193811728e-06,0.0,79.03074402125763,79.05705592105264,79.08,04/01/2014-04/03/2014
-2.135469718225708e-05,-9.713022115088987e-06,0.0,78.52853463587921,78.30883188405798,78.3,04/04/2014-04/08/2014
-1.7061778545910793e-05,-7.241959318105203e-07,0.0,77.9512701252236,78.445,78.1,04/09/2014-04/11/2014
6.9628359350804504e-06,2.035607100268855e-05,0.0,77.85243123336282,78.37731336405531,77.66,04/14/2014-04/16/2014
6.551161348270047e-06,6.304265551316485e-06,0.0,79.01615023474211,78.99606060606061,78.96,04/17/2014-04/22/2014
-3.3242750127251183e-06,-6.01136750378431e-07,0.0,79.10708801498136,78.96809189189192,79.19,04/23/2014-04/25/2014
7.295359735490881e-06,-1.788883097896777e-06,0.0,79.23729779411767,79.35097222222223,79.36,04/28/2014-04/30/2014
-5.88258318329536e-06,-3.9500963086065224e-06,0.0,79.3580323193915,79.41246780303027,79.38,05/01/2014-05/05/2014
3.0749404524796034e-06,2.3820987247877784e-06,0.0,79.1677821011673,79.01285714285714,79.18,05/06/2014-05/08/2014
1.0479505214604753e-05,1.4602401224054597e-17,0.0,79.68922619047616,79.86718954248367,79.84,05/09/2014-05/13/2014
-9.403710743938994e-06,2.9024303595388528e-06,0.0,79.26613055818343,79.13086538461536,79.04,05/14/2014-05/16/2014
4.974521723242343e-06,1.592012617416191e-05,0.0,79.13674948240178,79.17018761167364,79.21,05/19/2014-05/21/2014
9.532919010620164e-06,1.6426834962772233e-06,0.0,79.77344334433458,79.64327470930237,79.7,05/22/2014-05/27/2014
7.002866491123763e-06,4.682965233561781e-06,0.0,80.25088105726874,80.20266666666667,80.2,05/28/2014-05/30/2014
-1.7327071841687526e-06,1.1121549539464653e-05,0.0,80.61797909407676,80.65747524752476,80.63,06/02/2014-06/04/2014
1.360918373177549e-05,1.8835229507161565e-06,0.0,81.5128214971208,81.4904507837989,81.65,06/05/2014-06/09/2014
-8.124262339665484e-06,1.774116011197664e-06,0.0,81.39400000000008,81.30783422459888,81.4,06/10/2014-06/12/2014
5.094382687999205e-06,5.0480821694661265e-06,0.0,81.40583864118886,81.42279390681004,81.39,06/13/2014-06/17/2014
1.4394577055108256e-05,1.6614085513580734e-05,0.0,82.21239583333323,82.32344696969696,82.3,06/18/2014-06/20/2014
-5.076135328669701e-06,6.403094950947839e-06,0.0,82.43261016949153,82.5574884259259,82.53,06/23/2014-06/25/2014
-2.115731123940914e-06,-6.6758356289240305e-06,0.0,82.08024972855597,82.10617346938773,82.09,06/26/2014-06/30/2014
1.0375620989105181e-05,7.583569300088016e-06,0.0,82.67371531966211,82.65818965517238,82.62,07/01/2014-07/03/2014
3.132520249257572e-06,-3.786272495088959e-06,0.0,82.56972012917102,82.56906249999999,82.55,07/07/2014-07/09/2014
9.091903786764473e-06,-1.7528729673282624e-06,0.0,82.43181723779853,82.49722899728994,82.35,07/10/2014-07/14/2014
-4.772718618553376e-06,-9.59732504526598e-07,0.0,82.85501474926247,82.85148251748254,82.82,07/15/2014-07/17/2014
7.716584930395485e-06,8.074893038348526e-06,0.0,82.91041850220273,82.82813461538461,82.87,07/18/2014-07/22/2014
-2.6843790796591196e-06,-1.0611724212536011e-06,0.0,83.20161781946072,83.06276988636361,83.26,07/23/2014-07/25/2014
-2.615119535508629e-07,-4.53560726345916e-06,0.0,82.82571736785347,82.93694444444445,82.88,07/28/2014-07/30/2014
-8.897416485026735e-06,-1.8841089804118607e-05,0.0,81.05561764705882,81.0256195652174,80.97,07/31/2014-08/04/2014
-9.501667387075206e-06,8.903041212388153e-06,0.0,80.48758845437617,80.41265625,80.48,08/05/2014-08/07/2014
1.23253381616299e-05,2.7743337026357833e-06,0.0,80.97174234424514,80.74000000000001,81.05,08/08/2014-08/12/2014
4.513818776350527e-06,1.9607266319377972e-05,0.0,81.6271743697479,81.59024576046632,81.59,08/13/2014-08/15/2014
1.1997956466995827e-05,1.2667141528653401e-05,0.0,82.54261627906993,82.67395562464671,82.64,08/18/2014-08/20/2014
6.9521917076464214e-06,3.154032626060127e-18,0.0,83.28351111111105,83.26055555555553,83.27,08/21/2014-08/25/2014
1.2558529188112664e-06,-1.6026651299676717e-17,0.0,83.58132712456361,83.57687500000002,83.59,08/26/2014-08/28/2014
4.666145532308295e-06,0.0,0.0,83.73107565011834,83.77494832041343,83.73,08/29/2014-09/03/2014
-2.2773240164231544e-06,-1.0481671554592128e-05,0.0,83.86618593563757,83.8326111111111,83.88,09/04/2014-09/08/2014
7.693392988993647e-07,-1.8831257956350607e-06,0.0,83.29580748663099,83.3386666666667,83.33,09/09/2014-09/11/2014
4.774659401694825e-06,-9.752624887820373e-06,0.0,83.29938577586195,83.27323120149855,83.2,09/12/2014-09/16/2014
4.650012803471175e-06,5.3167129802077276e-06,0.0,84.1367245119308,84.10616666666667,84.14,09/17/2014-09/19/2014
,,0.0,83.34472392638041,83.54410714285714,83.44,09/22/2014-09/24/2014
-8.36020213843783e-06,-1.0529627440536434e-05,0.0,82.56398460057743,82.46240384615383,82.52,09/25/2014-09/29/2014
-1.33063586405402e-05,-1.6295067991617354e-05,0.0,81.84621090259178,81.56969899665553,81.76,09/30/2014-10/02/2014
-1.0079125832243626e-05,8.290272058106519e-06,0.0,82.00617318435746,82.1204081632653,82.06,10/03/2014-10/07/2014
-1.1141346446376912e-05,-2.4461201409141645e-05,0.0,81.00000877963139,80.69955263157894,80.9,10/08/2014-10/10/2014
1.6689697083468029e-06,1.1072780971025946e-18,0.0,78.86098958333328,78.46117397806577,79.26,10/13/2014-10/15/2014
3.068119456550453e-05,2.3964774228837792e-05,0.0,78.84940869565234,79.24791666666667,79.1,10/16/2014-10/20/2014
1.2795859578926203e-05,1.3037010057370268e-05,0.0,81.09902262443423,80.89522222222222,81.14,10/21/2014-10/23/2014
1.1028466873413441e-05,2.2559319614404765e-05,0.0,81.77025116279071,81.66634055265122,81.7,10/24/2014-10/28/2014
1.3852401690174295e-05,2.5718448735199528e-18,0.0,82.97669921875003,82.70047946019855,82.77,10/29/2014-10/31/2014
6.169469399028445e-06,8.767475720500759e-06,0.0,83.85889227642285,83.9654716144293,83.86,11/03/2014-11/05/2014
7.379452172586375e-06,7.927956547224738e-06,0.0,84.71489252814723,84.7666463414634,84.79,11/06/2014-11/10/2014
-2.752022661968471e-06,-1.0285283905810449e-05,0.0,84.89321468298107,84.87465579710144,84.89,11/11/2014-11/13/2014
9.79199617848993e-06,1.1020311864731518e-05,0.0,85.1639639639639,84.95165882352941,85.02,11/14/2014-11/18/2014
9.016438464260877e-06,4.031121551405303e-06,0.0,85.6581818181817,85.52109375,85.52,11/19/2014-11/21/2014
-5.449052412141726e-07,-8.793172287440097e-07,0.0,86.15476525821603,86.17000000000002,86.16,11/24/2014-11/26/2014
2.4013372991796575e-06,5.191239876658327e-18,0.0,85.79771788990816,85.69955479452054,85.81,11/28/2014-12/02/2014
-1.4058143350817202e-05,1.6050822326854413e-06,0.0,86.37307103825154,86.41164979757087,86.4,12/03/2014-12/05/2014
-2.0569774091995476e-05,-1.478807627763328e-05,0.0,85.5008255159473,85.48623518255096,85.39,12/08/2014-12/10/2014
-2.1140792254602787e-05,-3.886982127027818e-06,0.0,84.06175883952861,83.71500443066017,83.92,12/11/2014-12/15/2014
8.537144431472777e-05,3.191879603038523e-05,0.0,83.88555654496903,85.095026446281,83.45,12/16/2014-12/18/2014
1.0990327518034037e-05,5.5203021314832345e-06,0.0,86.71554027504932,87.23760000000001,86.55,12/19/2014-12/23/2014
4.983510638016614e-06,1.836698175845775e-17,0.0,87.48784161490681,87.52979452054795,87.515,12/24/2014-12/29/2014
-1.2096719811791034e-05,-1.1556440800920402e-05,0.0,86.74024785510011,86.4781859131859,86.91,12/30/2014-01/02/2015
-1.2736797068111462e-05,-1.7580332127119777e-05,0.0,84.34643501805067,84.48172075265883,84.43,01/05/2015-01/07/2015
-9.24033378390746e-06,5.11096449989271e-06,0.0,85.21739471106761,85.21981286549709,85.23,01/08/2015-01/12/2015
-2.296777186649204e-05,-3.5101657187030206e-05,0.0,83.55392953929542,83.30666666666667,83.21,01/13/2015-01/15/2015
2.09655237215311e-05,1.42815665605076e-05,0.0,83.75033041788157,83.65233333333333,83.63,01/16/2015-01/21/2015
3.2275060423361854e-06,1.1788578114643747e-05,0.0,85.04497064579242,85.01424675324674,85.02,01/22/2015-01/26/2015
-8.97261547959795e-06,-9.129251991950998e-06,0.0,83.6799390243901,83.98793103448278,83.95,01/27/2015-01/29/2015
2.917747198039213e-05,1.1385067414461861e-05,0.0,83.49469500924221,83.0433895348837,82.96,01/30/2015-02/03/2015
3.232808535017349e-05,1.8359818921767012e-05,0.0,85.60290043290033,85.60364341085274,85.61,02/04/2015-02/06/2015
-1.0708617126417752e-05,8.115322261711885e-06,0.0,85.78633155080215,85.76114285714286,85.78,02/09/2015-02/11/2015
1.0573068938469923e-05,6.632711261854856e-06,0.0,86.93240875912404,86.98311403508771,86.96,02/12/2015-02/17/2015
3.7382000525402108e-06,1.0818231998447284e-05,0.0,86.92042406311636,86.93870202020202,86.95,02/18/2015-02/20/2015
5.8278035383884275e-06,7.383632854898365e-07,0.0,87.30015873015891,87.37700657894737,87.4,02/23/2015-02/25/2015
-2.363701775595655e-06,-1.8672672126308866e-06,0.0,87.1128762886597,87.0722746331237,87.11,02/26/2015-03/02/2015
-2.951520632791837e-06,1.2128372796122397e-05,0.0,86.65077789150473,86.6569696969697,86.63,03/03/2015-03/05/2015
-1.9925135747053602e-05,-1.6975930865584544e-05,0.0,85.40907957813982,85.64596726190476,85.63,03/06/2015-03/10/2015
3.688843713198268e-06,4.650907327437178e-06,0.0,84.76859981078519,84.56247947947949,84.58,03/11/2015-03/13/2015
1.711951267607661e-05,7.413310607670489e-07,0.0,85.6503339694656,85.5783182010135,85.56,03/16/2015-03/18/2015
4.74772658841155e-06,8.8669386403165e-06,0.0,86.55564102564098,86.22143137254902,86.73,03/19/2015-03/23/2015
-1.7771082937006522e-05,-1.725379657923088e-05,0.0,85.72753831417617,85.57825163398692,85.66,03/24/2015-03/26/2015
5.8117470883003345e-06,4.323221338295171e-06,0.0,85.7345445736434,85.82730303030303,86.0,03/27/2015-03/31/2015
8.80908396052503e-06,3.2526672019525382e-06,0.0,85.81625354777674,85.69507999570487,85.71,04/01/2015-04/06/2015
4.000639370980757e-06,1.0352017168235427e-06,0.0,86.36710691823893,86.26754385964912,86.38,04/07/2015-04/09/2015
1.693249204751655e-05,-2.5481277743028773e-06,0.0,87.16129374337228,87.19816860465116,87.19,04/10/2015-04/14/2015
-9.018423316562292e-06,-5.476667355091953e-06,0.0,87.33741344195515,87.68700000000001,87.61,04/15/2015-04/17/2015
2.1285510005892723e-06,-5.8298331177988624e-06,0.0,87.1749845520083,87.27695945945948,87.21,04/20/2015-04/22/2015
3.8198684136092665e-19,-7.834312461039555e-06,0.0,87.50606954689142,87.43733333333334,87.47,04/23/2015-04/27/2015
-1.7056732688236955e-06,2.7948027969843182e-06,0.0,87.30510869565224,87.37154964429321,87.33,04/28/2015-04/30/2015
-1.2152370655909092e-06,9.853154541309463e-06,0.0,87.65833862433867,87.39037383177569,87.58,05/01/2015-05/05/2015
6.971453846586301e-06,1.3507081000771416e-05,0.0,87.22956331877714,87.07440883190883,87.045,05/06/2015-05/08/2015
-5.97155388195147e-06,-3.1301816165535592e-06,0.0,87.58268410852703,87.71579317269075,87.52,05/11/2015-05/13/2015
6.6529284329137996e-06,2.448741898690151e-06,0.0,88.14676251331181,88.08419983416249,88.09,05/14/2015-05/18/2015
3.9873703671811955e-06,2.5014296336103314e-06,0.0,88.52481808158784,88.51358286743107,88.5,05/19/2015-05/21/2015
-5.305663612760533e-06,-6.5842891807202354e-06,0.0,87.97152339499472,87.98050505050509,87.96,05/22/2015-05/27/2015
-3.243575616281913e-06,-7.251382852816016e-06,0.0,87.72512631578947,87.7681455399061,87.74,05/28/2015-06/01/2015
-3.561882849330333e-06,7.764778325075115e-06,0.0,87.60433747412011,87.5974358974359,87.655,06/02/2015-06/04/2015
-4.2698462688155825e-06,-4.462894159135696e-06,0.0,86.95462923728817,86.9152380952381,86.93,06/05/2015-06/09/2015
2.2770271903642205e-06,3.930428198359049e-06,0.0,87.75414101290961,87.57707638888888,87.86,06/10/2015-06/12/2015
7.078721221659647e-06,7.40875332201023e-06,0.0,87.2153449862007,87.32291052918711,87.2,06/15/2015-06/17/2015
4.0531013500026455e-06,-3.7777904068157078e-06,0.0,88.14784474885849,88.204375,88.18,06/18/2015-06/22/2015
-1.0805717784052858e-05,-1.3362962835724885e-05,0.0,87.91759469696993,87.84780172413792,87.87,06/23/2015-06/25/2015
-1.6363691635762736e-05,-1.5432102230938745e-05,0.0,86.50282214156087,86.31645833333334,86.255,06/26/2015-06/30/2015
-4.931014146511707e-06,-1.8174691834463607e-17,0.0,86.17723584905677,86.18717982667309,86.2,07/01/2015-07/06/2015
-6.307679462827007e-06,-1.8590835231686314e-05,0.0,85.5649135300102,85.52666468253965,85.51,07/07/2015-07/09/2015
1.800638422926878e-05,9.382429685748675e-06,0.0,86.75855803048063,86.80944444444444,86.86,07/10/2015-07/14/2015
5.836907568207838e-07,7.063957787738876e-07,0.0,87.47327388535025,87.40047619047618,87.4,07/15/2015-07/17/2015
-9.736294770414281e-06,-8.819788284364109e-06,0.0,87.02776158940402,86.89073732718893,86.9,07/20/2015-07/22/2015
-2.709797334155453e-05,-2.443900840182429e-05,0.0,85.58747323340484,85.18944256756758,85.52,07/23/2015-07/27/2015
1.870250695213332e-05,1.8001368036973435e-05,0.0,86.0469834254144,86.31523214285713,86.29,07/28/2015-07/30/2015
-1.3720357850109641e-05,-1.9212436029841067e-05,0.0,85.89301123595499,85.93157142857143,85.8,07/31/2015-08/04/2015
-1.1047437647436816e-05,6.5332576153070925e-06,0.0,85.58465934065943,85.53790654205605,85.56,08/05/2015-08/07/2015
1.0546667458698607e-06,-3.6229783821190725e-06,0.0,85.59650112866814,85.53937254901959,85.58,08/10/2015-08/12/2015
1.0842144054647245e-05,1.027641342939634e-05,0.0,85.7804213135068,85.71706860826527,85.75,08/13/2015-08/17/2015
-3.767373734635509e-05,-2.6488905782452645e-05,0.0,85.04657202944277,85.20824999999999,85.13,08/18/2015-08/20/2015
-6.76546341207309e-05,-2.892196565432153e-05,0.0,79.84677137870854,78.77674137931035,79.23,08/21/2015-08/25/2015
5.4313395398047996e-05,5.3120806627218923e-05,0.0,79.89792520035624,78.7240243902439,80.76,08/26/2015-08/28/2015
-1.2333885502315803e-05,-1.846419652288924e-05,0.0,79.6329467680609,79.19070495495495,79.225,08/31/2015-09/02/2015
2.346630040045819e-05,-1.4662403154374122e-05,0.0,79.69037773359845,80.03521428571428,79.98,09/03/2015-09/08/2015
-1.5857434213809457e-05,-3.9558485834016046e-05,0.0,79.99289690721649,79.96921212121211,79.85,09/09/2015-09/11/2015
2.0404720342036213e-05,2.518542859202205e-05,0.0,80.5807345225603,80.86889520202021,80.58,09/14/2015-09/16/2015
-1.3752558717689249e-05,7.020619749484734e-18,0.0,80.59189401373894,80.24787537537537,80.21,09/17/2015-09/21/2015
-5.161976128363769e-06,8.927967733432539e-06,0.0,78.70722222222219,78.83414930555557,78.82,09/22/2015-09/24/2015
-2.2476296276838674e-05,-1.3378417080744099e-05,0.0,78.03998158379373,77.65823863636363,77.54,09/25/2015-09/29/2015
1.988160112511468e-05,7.199345881872401e-05,0.0,78.43415486307832,78.61915178571431,78.42,09/30/2015-10/02/2015
2.243728166703765e-05,1.7803850895732975e-05,0.0,81.52656280428428,81.57983455882353,81.51,10/05/2015-10/07/2015
1.187658914194686e-05,-2.4109456963646373e-06,0.0,82.65527272727272,82.72219298245611,82.72,10/08/2015-10/12/2015
1.015477555896534e-05,2.4136147172344675e-05,0.0,82.39351381215472,82.25820000000002,82.35,10/13/2015-10/15/2015
-2.226343040330213e-06,9.266540442962046e-18,0.0,83.20222496909759,83.26738725490193,83.19,10/16/2015-10/20/2015
1.6665357963295948e-05,-5.352539679547283e-07,0.0,83.96566200215294,83.69126984126983,84.12,10/21/2015-10/23/2015
5.758498724775372e-06,4.181507303091748e-06,0.0,84.25619750283768,84.35685185185184,84.35,10/26/2015-10/28/2015
1.1987513457026936e-05,3.127236621340973e-05,0.0,84.99619047619042,84.90431688804554,84.91,10/29/2015-11/02/2015
8.833410519829378e-07,-5.671323018365036e-07,0.0,85.66869612068957,85.58934523809523,85.61,11/03/2015-11/05/2015
-2.6162017110318243e-06,6.253106394467415e-06,0.0,84.95936596218009,85.05976811594206,84.95,11/06/2015-11/10/2015
-3.935433871802344e-05,-2.8880657042931186e-05,0.0,83.72058757062148,82.95878947368422,83.74,11/11/2015-11/13/2015
3.193534560942651e-05,4.8734159264310105e-05,0.0,83.98760162601627,84.16722222222222,84.1,11/16/2015-11/18/2015
-1.1854614028364163e-06,-3.924881213592511e-06,0.0,85.08080482897388,85.0481818181818,85.07,11/19/2015-11/23/2015
9.620936893809456e-06,5.763642856194083e-06,0.0,85.08451688009316,85.15953682170544,85.15,11/24/2015-11/27/2015
-5.74122068918199e-06,-1.1520503152492094e-05,0.0,85.26448901623688,85.29004558204767,85.27,11/30/2015-12/02/2015
-4.287126152346047e-06,-1.7297301498595987e-05,0.0,84.3086141304348,84.19653225806452,84.27,12/03/2015-12/07/2015
6.264127182110901e-07,1.8331418714097734e-05,0.0,83.51495221546489,83.61894620811289,83.55,12/08/2015-12/10/2015
1.2967421117605447e-05,-1.568332304709533e-05,0.0,82.32056994818652,82.36302631578948,82.0,12/11/2015-12/15/2015
-2.7321226297887288e-05,-1.2200587879109723e-05,0.0,83.16547577854678,83.5887335834897,83.51,12/16/2015-12/18/2015
2.6245066332357572e-05,2.7964875223488734e-05,0.0,83.04028545941127,82.34555066079298,82.87,12/21/2015-12/23/2015
4.210129582823017e-06,5.378465291695699e-06,0.0,84.27895474137955,84.4985,84.42,12/24/2015-12/29/2015
-2.0056081190575583e-05,-1.563096021236983e-05,0.0,83.35794014084505,83.78962209302325,83.755,12/30/2015-01/04/2016
-1.2543101425693353e-05,-3.722953991316278e-05,0.0,81.3401045296167,81.706581120944,81.56,01/05/2016-01/07/2016
-1.1675596207937181e-05,-2.043117784976086e-05,0.0,78.7516797900262,78.66615263157894,78.62,01/08/2016-01/12/2016
-2.6278234174915612e-05,-9.777321515890939e-07,0.0,77.75980017376196,78.13593749999998,77.89,01/13/2016-01/15/2016
-1.997237969580294e-05,-6.417074349979848e-06,0.0,76.08831767719896,76.10699038461539,76.31,01/19/2016-01/21/2016
4.457828927001817e-07,-6.688219561466274e-06,0.0,77.09224999999978,77.20814682539685,77.17500000000001,01/22/2016-01/26/2016
2.4174796661337396e-05,4.684100964600984e-05,0.0,77.85998274374452,77.4779411764706,77.74,01/27/2016-01/29/2016
-4.410396936751563e-06,8.552075770629687e-06,0.0,78.0737781629116,77.75418181818182,77.86,02/01/2016-02/03/2016
-1.1174881347071415e-05,-2.804639845376128e-05,0.0,77.90282646048117,78.27232371794872,78.21,02/04/2016-02/08/2016
-1.035337070316882e-05,-1.8575549079244756e-05,0.0,76.38708439897692,76.78371794871794,76.64,02/09/2016-02/11/2016
4.9597431969080534e-05,3.9010072158865953e-05,0.0,78.10510841283597,78.02914970930233,78.14,02/12/2016-02/17/2016
8.221607998535752e-06,9.058846596052302e-06,0.0,79.59921461187213,79.52949579831932,79.47,02/18/2016-02/22/2016
7.642232508210273e-06,1.9787106750908994e-05,0.0,79.4460869565217,79.55598039215687,79.56,02/23/2016-02/25/2016
5.886783268777588e-06,-1.7765424651039666e-06,0.0,80.74692035398212,80.60196649029983,80.705,02/26/2016-03/01/2016
1.8954536830353898e-05,2.1773469929871495e-05,0.0,82.44226283724991,82.07357287449395,82.36,03/02/2016-03/04/2016
1.290851083940101e-06,-2.0147454506648784e-05,0.0,83.02254448398601,82.84870596205961,82.91,03/07/2016-03/09/2016
1.1264224723984556e-05,5.5136518288932145e-06,0.0,83.51788120567372,83.79332236842106,83.89,03/10/2016-03/14/2016
1.7859915486465986e-05,1.989460444818618e-05,0.0,84.03068811438777,84.12738571428571,83.81,03/15/2016-03/17/2016
3.13962545409022e-07,9.659855775985005e-06,0.0,85.46537020517405,85.48083333333335,85.46,03/18/2016-03/22/2016
-4.4775652464725856e-06,5.471312641477447e-06,0.0,84.55564292321903,84.48266666666667,84.58,03/23/2016-03/28/2016
9.842828798228674e-06,5.146790493790233e-06,0.0,85.19017730496445,85.40357142857142,85.43,03/29/2016-03/31/2016
-1.1715624717251395e-06,-2.1332006366028024e-06,0.0,85.0341868823001,85.20217054263566,85.15,04/01/2016-04/05/2016
1.5023293836419408e-06,-5.5867447668511845e-06,0.0,84.55028959276012,84.64152484350547,84.61,04/06/2016-04/08/2016
1.8426158698046237e-05,1.7810480704123985e-05,0.0,85.39891787439586,85.72594067135049,85.25,04/11/2016-04/13/2016
7.0804990916160195e-06,1.1051930550118435e-05,0.0,86.46987559808608,86.51704878048778,86.46,04/14/2016-04/18/2016
2.653236745648732e-06,-3.873904508254369e-06,0.0,87.59714153561504,87.62614285714287,87.57,04/19/2016-04/21/2016
5.3860005325548155e-06,-1.9334586728965798e-18,0.0,87.53288354898332,87.34636363636363,87.6,04/22/2016-04/26/2016
-8.220634251824537e-06,1.021076936151361e-05,0.0,87.71144434222624,87.781125,88.1,04/27/2016-04/29/2016
-1.2736245093221236e-05,1.2726412724417125e-06,0.0,86.67199265381083,86.54857983193273,86.59,05/02/2016-05/04/2016
-2.522674016791457e-06,-9.502332186528103e-06,0.0,86.04989612842306,86.04670454545453,86.03,05/05/2016-05/09/2016
1.8259693333728605e-06,1.1396167291370604e-06,0.0,86.73615027829327,86.89116935483872,86.805,05/10/2016-05/12/2016
-5.3647444340663605e-06,1.123404029826115e-05,0.0,86.09309501411087,86.02999999999999,86.17,05/13/2016-05/17/2016
6.813863430520157e-06,1.8531552014236912e-05,0.0,85.7619020715631,85.91900534759357,85.88,05/18/2016-05/20/2016
1.976151884187858e-05,1.1401167987243404e-05,0.0,86.86762244897952,86.8522131147541,86.84,05/23/2016-05/25/2016
1.639561746833602e-18,0.0,0.0,87.72827586206887,87.67344444444448,87.71,05/26/2016-05/31/2016
7.229202596340268e-06,1.4334358894001998e-05,0.0,87.80730282375865,87.72660256410259,87.81,06/01/2016-06/03/2016
1.1036491530003784e-05,7.77478665258296e-06,0.0,88.86962113659008,88.8908382352941,88.98,06/06/2016-06/08/2016
-1.3990436910838688e-05,-1.895333170193886e-05,0.0,88.18810703666975,88.11606570512822,88.11,06/09/2016-06/13/2016
1.781724499416196e-06,9.750261839521304e-06,0.0,87.00584474885854,87.0214189189189,86.99,06/14/2016-06/16/2016
1.0625753862015746e-05,-7.429900030983637e-06,0.0,87.7988409961686,88.04725274725271,88.01,06/17/2016-06/21/2016
-2.32541747338719e-05,4.323061993119799e-06,0.0,87.82650822669083,88.17962222222222,88.17,06/22/2016-06/24/2016
6.24996064913661e-05,4.943435786770692e-05,0.0,85.402641673932,84.87421717171716,85.03,06/27/2016-06/29/2016
2.8760350662086513e-06,-1.0603633963618686e-05,0.0,88.12361979166661,87.90478991596639,88.19,06/30/2016-07/05/2016
5.124822414131686e-06,2.4655390942146044e-05,0.0,88.41179261862936,88.07382632293078,88.18,07/06/2016-07/08/2016
1.2175477328910162e-05,4.307968126810132e-06,0.0,90.38792626728114,90.66164179104479,90.53,07/11/2016-07/13/2016
-7.373357682656469e-07,4.41151890696979e-06,0.0,91.20334293948139,91.21034090909095,91.23,07/14/2016-07/18/2016
7.816751180576111e-07,-4.821572161293709e-18,0.0,91.16616632860031,91.10250833333333,91.11,07/19/2016-07/21/2016
1.6745836888142938e-06,1.1375535060442366e-05,0.0,91.16513822688279,91.16862454100368,91.18,07/22/2016-07/26/2016
-3.144915049647707e-06,9.138761768692616e-06,0.0,90.86034351145038,90.89681372549018,90.88,07/27/2016-07/29/2016
-6.527777787522671e-06,-9.952929464857262e-06,0.0,90.22742727272721,90.2482142857143,90.26,08/01/2016-08/03/2016
1.0983258058300379e-05,-5.534262337453091e-06,0.0,90.97190332326245,91.33050000000003,91.19,08/04/2016-08/08/2016
1.839830355972611e-06,-3.2138736529619135e-06,0.0,91.3420178041546,91.30583823529413,91.36,08/09/2016-08/11/2016
2.5940836112045583e-06,-5.424629123643213e-06,0.0,91.61790322580644,91.54989083750903,91.54,08/12/2016-08/16/2016
4.954673103959318e-06,6.128886275425157e-06,0.0,91.615369458128,91.71869883040935,91.69,08/17/2016-08/19/2016
-1.4243398922132254e-06,-4.478140597874557e-06,0.0,91.73324649298593,91.64871794871793,91.71,08/22/2016-08/24/2016
8.030597371306548e-06,9.230102761798335e-07,0.0,91.49530476190478,91.4425,91.49,08/25/2016-08/29/2016
-4.1132878266088055e-06,5.7864276730527076e-06,0.0,91.4012764003673,91.28120370370371,91.33,08/30/2016-09/01/2016
3.686225134801278e-06,1.598031239692642e-06,0.0,91.88208897485494,91.8633307731695,91.89,09/02/2016-09/07/2016
-5.896182685886837e-06,-3.824784125317622e-06,0.0,91.1319982316534,90.72778826530609,91.08,09/08/2016-09/12/2016
-4.554577305233778e-06,-3.134107607695244e-05,0.0,89.75198080279226,89.6561625514403,89.72,09/13/2016-09/15/2016
-1.1461979318087809e-06,-7.65928834683929e-06,0.0,89.87540186915888,89.93699275362317,89.92,09/16/2016-09/20/2016
1.0944206374452584e-05,-2.5080051185837833e-06,0.0,90.80475814412635,91.1066834170854,90.94,09/21/2016-09/23/2016
1.4327243918503602e-05,1.22059501224452e-05,0.0,90.32026785714298,90.36907792207793,90.29,09/26/2016-09/28/2016
-4.0716082532689487e-07,9.707234019616897e-06,0.0,90.89921441774503,90.9,90.87,09/29/2016-10/03/2016
1.9445871572451215e-06,-3.839973044400535e-18,0.0,90.8154604651162,90.928125,90.91,10/04/2016-10/06/2016
-9.000834259599149e-06,9.497611030973018e-18,0.0,90.69804563492066,90.20837500000002,90.8,10/07/2016-10/11/2016
-2.1857054899359765e-06,-8.033022262285718e-06,0.0,89.94606250000001,90.02100543478262,90.02,10/12/2016-10/14/2016
8.654855669880576e-06,1.0971897989856398e-05,0.0,90.03696296296285,90.07970040485827,90.07,10/17/2016-10/19/2016
4.371974891093335e-06,6.613905543245594e-06,0.0,90.0995790458373,90.18498387096776,90.12,10/20/2016-10/24/2016
-9.112444670305828e-07,3.3094878903356967e-06,0.0,90.16260711030093,90.12486520737326,90.15,10/25/2016-10/27/2016
-8.108167944851893e-06,-6.315588837975995e-06,0.0,89.69396139705897,89.82912280701754,89.8,10/28/2016-11/01/2016
-1.1329137256536804e-05,-1.3573287585243881e-05,0.0,88.8242919964819,88.84311904761907,88.86,11/02/2016-11/04/2016
2.610804281074073e-05,1.9655938769332894e-05,0.0,90.80780616740087,90.78490476190477,90.67,11/07/2016-11/09/2016
9.62468643193838e-06,2.964398343696459e-06,0.0,93.1607928388747,93.13783333333335,93.17,11/10/2016-11/14/2016
7.668268993193078e-06,7.0143664504762885e-06,0.0,93.93109841827757,94.01507412898442,93.91,11/15/2016-11/17/2016
9.10384072540444e-06,8.23221832368402e-06,0.0,94.39283185840692,94.4996896551724,94.47,11/18/2016-11/22/2016
6.7273426992916e-06,-5.156974540127238e-07,0.0,95.16078472958654,95.11087633087632,95.16,11/23/2016-11/28/2016
2.394691105066369e-06,-1.1356177430145561e-06,0.0,95.50507867132868,95.65426673228346,95.63,11/29/2016-12/01/2016
7.72972400924594e-06,4.558337288932374e-06,0.0,96.01653404067197,96.12688461538458,96.08,12/02/2016-12/06/2016
1.8875197953762927e-05,1.948837566156162e-05,0.0,97.90407079646003,97.89285714285715,98.17,12/07/2016-12/09/2016
-6.209815006553277e-06,-9.187513845228627e-06,0.0,98.83534031413615,98.89401315789475,98.85,12/12/2016-12/14/2016
2.075105098535663e-06,-1.2003801146136013e-06,0.0,98.58148181011549,98.50872083668543,98.57,12/15/2016-12/19/2016
-1.5129949691973161e-06,-2.5515384634126964e-06,0.0,98.84878731343291,98.95062499999999,98.92,12/20/2016-12/22/2016
-5.841905732116605e-06,-2.597401542099681e-06,0.0,98.72558380414311,98.51364221364221,98.72,12/23/2016-12/28/2016
5.07164292559894e-06,1.59854211288404e-05,0.0,98.12747156605417,98.05794999999998,98.06,12/29/2016-01/03/2017
2.1493692460787933e-06,6.672560784705341e-07,0.0,99.02669619131969,99.09819930069929,99.11,01/04/2017-01/06/2017
5.459074172505653e-07,-4.454905446637597e-06,0.0,98.60169658886903,98.62480657640234,98.6,01/09/2017-01/11/2017
-3.2360994570378084e-06,-5.3189073063765435e-06,0.0,98.43270318021189,98.42548484848487,98.41,01/12/2017-01/17/2017
-5.603774129227724e-07,-1.010514793913356e-05,0.0,98.15009165902852,98.13603448275862,98.15,01/18/2017-01/20/2017
1.3292573005126569e-05,1.4075373014226383e-05,0.0,98.48749340369402,98.33388335179038,98.51,01/23/2017-01/25/2017
-1.0129068999567545e-05,-2.4920689925725986e-07,0.0,98.80752028854836,98.92200980392155,98.95,01/26/2017-01/30/2017
7.262120357280198e-07,-6.749416542266333e-06,0.0,98.20409090909088,98.1325,98.19,01/31/2017-02/02/2017
-6.676861211557159e-06,-2.324184309008399e-06,0.0,99.02936073059358,98.95321568627449,99.04,02/03/2017-02/07/2017
6.893338545865258e-06,1.1741916126139293e-05,0.0,99.3524556737587,99.61735632183905,99.57,02/08/2017-02/10/2017
1.3623439050860147e-05,1.082621035186832e-05,0.0,100.82703068592062,100.6231212121212,100.68,02/13/2017-02/15/2017
8.146413910482552e-06,1.4020488139687462e-05,0.0,101.59202391904337,101.29334415584415,101.39,02/16/2017-02/21/2017
4.9501097053722415e-06,3.311068399306221e-18,0.0,102.14822522522522,102.09524705882353,102.14,02/22/2017-02/24/2017
1.2973994641210011e-05,7.693411854995128e-06,0.0,102.79056312443241,102.47266666666668,102.43,02/27/2017-03/01/2017
4.4905619306929664e-05,3.5373877651770246e-06,0.0,102.95454054054046,103.00631578947369,102.96,03/02/2017-03/06/2017
-4.33353230262884e-06,-1.3744657731758895e-06,0.0,102.10479774223894,102.22414772727274,102.12,03/07/2017-03/09/2017
-4.63188021011293e-06,3.3725716490645105e-06,0.0,101.965788479698,101.88458823529412,102.08,03/10/2017-03/14/2017
2.7447165433652324e-07,2.953293774740711e-06,0.0,102.37251865671642,102.38782652043867,102.37,03/15/2017-03/17/2017
-1.3040424645038065e-05,-2.782184747342209e-17,0.0,100.96011413520631,101.33765629501588,100.63,03/20/2017-03/22/2017
-2.8405434027987926e-06,8.197433413526036e-06,0.0,100.30505504587184,100.44288068181817,100.4,03/23/2017-03/27/2017
1.3362271887674494e-05,1.0937648996795074e-05,0.0,100.95487018800337,100.93863933088531,100.94,03/28/2017-03/30/2017
-3.225337773243804e-06,4.4133883810895365e-06,0.0,100.81528810408928,100.74000000000001,100.74,03/31/2017-04/04/2017
-5.947273357370141e-06,3.2742091203983265e-06,0.0,100.95154639175259,100.74073529411763,100.85,04/05/2017-04/07/2017
-3.0857883165656267e-06,-7.785201891175369e-06,0.0,100.5178799249529,100.45822580645158,100.45,04/10/2017-04/12/2017
-4.954855161088298e-06,-8.527996649637939e-06,0.0,99.85790867579902,99.87614285714287,99.85,04/13/2017-04/18/2017
-2.446754700599351e-06,-4.172730634934707e-06,0.0,100.02095022624427,99.97649999999999,100.0,04/19/2017-04/21/2017
5.580363823791636e-06,1.0114675137721599e-05,0.0,101.43907493061991,101.49222222222222,101.57,04/24/2017-04/26/2017
-4.080449679678553e-06,-1.1762275197781313e-05,0.0,101.1143964671245,101.03636363636363,101.06,04/27/2017-05/01/2017
1.9090830569559178e-06,5.5028677374832006e-06,0.0,100.80679807692304,100.77729757085021,100.79,05/02/2017-05/04/2017
-1.6337399914532184e-06,-6.1357420851325535e-06,0.0,101.16660523763375,101.1107131011609,101.18,05/05/2017-05/09/2017
-2.0276373552396417e-06,1.715972392005387e-06,0.0,100.80614678899079,100.88233516483518,100.82,05/10/2017-05/12/2017
-1.401988526610407e-05,-1.7938247040185363e-05,0.0,100.55665111940296,100.90756944444442,100.92,05/15/2017-05/17/2017
1.536314550276459e-05,9.078761577228878e-06,0.0,99.86509250243397,100.18706666666665,100.04,05/18/2017-05/22/2017
5.492837877156359e-06,8.037962563461529e-06,0.0,100.80568571428545,100.76390339033904,100.76,05/23/2017-05/25/2017
-1.1364620159436724e-06,6.102188783559473e-06,0.0,100.71023883696763,100.7802564102564,100.79,05/26/2017-05/31/2017
6.374487808589304e-06,1.282388738045571e-05,0.0,101.3478140960163,101.41587875417127,101.41,06/01/2017-06/05/2017
3.662999138707322e-06,-2.036477886000921e-07,0.0,101.30452241715417,101.2002325581395,101.23,06/06/2017-06/08/2017
1.2723645423760813e-05,8.048377865844674e-06,0.0,102.57196025293582,102.51697916666667,102.55,06/09/2017-06/13/2017
-3.614468588196415e-06,-8.478124633292103e-06,0.0,102.60979472140743,102.64314784053153,102.63,06/14/2017-06/16/2017
-7.5699872824834735e-06,-8.38021010631775e-06,0.0,102.69495975855133,102.91248579545453,102.8,06/19/2017-06/21/2017
2.211187246654138e-06,-1.1362035494249925e-06,0.0,102.15702564102556,102.2106486042693,102.17,06/22/2017-06/26/2017
9.813549773937554e-07,1.1514765594089451e-07,0.0,101.96800543970974,102.01484949832775,101.95,06/27/2017-06/29/2017
4.47272043366584e-06,7.335985859282873e-06,0.0,102.35780021253979,102.38815714285715,102.43,06/30/2017-07/05/2017
-3.6026395506886773e-06,-4.765991790017032e-06,0.0,101.93221256038646,101.9113015551048,101.96,07/06/2017-07/10/2017
6.282804443611199e-06,2.0684544571950014e-17,0.0,102.02790289256188,102.18520913593832,102.18,07/11/2017-07/13/2017
1.705139254987292e-06,-1.6483869827678588e-06,0.0,102.47829918032778,102.43931677018632,102.48,07/14/2017-07/18/2017
3.402634709732548e-06,5.845389490692712e-06,0.0,102.7751179487179,102.67249207427534,102.73,07/19/2017-07/21/2017
3.674786127470302e-06,-5.62231921624688e-06,0.0,103.07580366774543,103.20640147523706,103.21,07/24/2017-07/26/2017
2.943141791703165e-06,-3.5274148308365303e-07,0.0,103.12436804853407,103.10149999999999,103.08,07/27/2017-07/31/2017
-2.017957239122593e-06,1.6948962895468121e-06,0.0,103.4252730883814,103.39828000000006,103.41,08/01/2017-08/03/2017
-2.5734938972135334e-06,-7.844521600924532e-19,0.0,103.56013829787241,103.50910144927538,103.53,08/04/2017-08/08/2017
-1.1410331491892701e-05,-8.361177522786391e-06,0.0,102.45391348088545,102.25113866153109,102.43,08/09/2017-08/11/2017
3.7599832704352043e-06,2.9326677552701263e-06,0.0,102.73450572320478,102.7311004784689,102.71,08/14/2017-08/16/2017
-1.1384160132927265e-05,-7.280820156713868e-06,0.0,101.31382043935064,101.05363888888891,101.14,08/17/2017-08/21/2017
2.214691026825321e-06,3.484938620788339e-07,0.0,101.6346136618141,101.62701851851853,101.65,08/22/2017-08/24/2017
-2.8470562618243137e-06,-1.3695103189993783e-06,0.0,101.53582669322691,101.52566308243728,101.46,08/25/2017-08/29/2017
1.1674789001508515e-05,1.097725968301657e-05,0.0,102.06780231335438,101.96999369482978,102.0,08/30/2017-09/01/2017
-5.371069055148626e-06,3.279378689324839e-06,0.0,101.67555106167853,101.87995789814592,101.7,09/05/2017-09/07/2017
2.1005996415329603e-05,2.0117509521223787e-05,0.0,102.55598409542726,102.38639814814815,102.79,09/08/2017-09/12/2017
8.348780276296278e-06,5.518172705832744e-06,0.0,103.59689448441263,103.60939024390242,103.59,09/13/2017-09/15/2017
7.6033626560374465e-06,3.5028355694675778e-06,0.0,104.38679867986795,104.38497949138637,104.42,09/18/2017-09/20/2017
4.2439388325457285e-06,1.0073033439134789e-05,0.0,104.59354948805472,104.59463562753035,104.59,09/21/2017-09/25/2017
3.411645544229647e-06,9.67186252786415e-06,0.0,104.99298568507142,104.95866161616162,104.97,09/26/2017-09/28/2017
1.1178134339796291e-05,7.817050886409373e-06,0.0,105.74600999999987,105.96082142857142,105.88,09/29/2017-10/03/2017
5.137429813441926e-06,2.08519198696989e-05,0.0,106.60923480083872,106.5653333333333,106.56,10/04/2017-10/06/2017
-2.0819319390276663e-07,3.0940464555095284e-06,0.0,106.51493348115277,106.58663865546222,106.58500000000001,10/09/2017-10/11/2017
1.0913740568443745e-06,9.592105426668531e-07,0.0,106.40593967517384,106.42421212121211,106.42,10/12/2017-10/16/2017
4.468550859130745e-06,1.1106900342013639e-05,0.0,106.4653429203539,106.4575796178344,106.5,10/17/2017-10/19/2017
3.3899195307875838e-06,1.3039652984450504e-17,0.0,107.44507478632487,107.56408928571426,107.49,10/20/2017-10/24/2017
-4.250876140838409e-06,1.384784814788428e-06,0.0,107.03701417004024,107.00811936936941,107.005,10/25/2017-10/27/2017
3.124611766698357e-06,7.778194809732144e-06,0.0,106.78941727367334,106.72067435359887,106.73,10/30/2017-11/01/2017
7.957314157770674e-07,-1.5591624190627963e-06,0.0,106.851804670913,106.84373473917871,106.88,11/02/2017-11/06/2017
-5.28722883911241e-06,-7.557767803702501e-07,0.0,106.5363746223566,106.54853603603601,106.55,11/07/2017-11/09/2017
-7.771022536359379e-07,8.099868157987641e-07,0.0,106.27149484536086,106.32320059484468,106.31,11/10/2017-11/14/2017
6.482541152054093e-06,-1.338581876859473e-06,0.0,106.3747131147541,106.5340350877193,106.53,11/15/2017-11/17/2017
4.790738093085575e-06,-6.139655054007961e-07,0.0,106.96059436913481,107.08303196803195,107.08,11/20/2017-11/22/2017
1.3694473904341596e-05,6.347727994239065e-06,0.0,107.38988009592332,107.28150203252022,107.17,11/24/2017-11/28/2017
1.2409610881401902e-05,1.3573536756027833e-06,0.0,109.84523508137437,109.61473649538868,109.93,11/29/2017-12/01/2017
-9.883646045021096e-06,-1.2517471198176101e-05,0.0,110.6528571428573,110.67352436281854,110.61,12/04/2017-12/06/2017
1.819396167851138e-05,6.302751197887711e-06,0.0,110.46107471852625,110.16251728110595,110.53,12/07/2017-12/11/2017
,,0.0,111.15561386138617,111.39055555555555,111.38,12/12/2017-12/14/2017
6.680826616602869e-06,4.327037519719646e-06,0.0,111.87479960899307,111.82130252100839,112.0,12/15/2017-12/19/2017
2.5571193935436698e-06,2.3519340015944044e-06,0.0,112.15334980237138,112.21715701219513,112.22,12/20/2017-12/22/2017
2.611598683455783e-06,-1.0634618192292018e-06,0.0,112.32492942453851,112.324943806791,112.32,12/26/2017-12/28/2017
3.524476205083687e-06,2.068366153138577e-06,0.0,112.72863681592067,112.8546415133064,112.57,12/29/2017-01/03/2018
-inf,4.525119090632737e-06,0.0,113.88017159199235,113.88488068181819,113.97,01/04/2018-01/08/2018
8.906224773561028e-06,3.553555121222513e-06,0.0,114.85128110599072,114.82593283582088,114.76,01/09/2018-01/11/2018
6.730012409718638e-06,4.677805787998422e-06,0.0,116.14803489439855,116.10196969696972,116.11,01/12/2018-01/17/2018
1.381575530028698e-05,6.813827643311438e-06,0.0,116.61985687022884,116.44343750000002,116.42500000000001,01/18/2018-01/22/2018
4.328276405103266e-06,5.354146640534071e-06,0.0,117.85289736603073,117.67284722222225,117.85,01/23/2018-01/25/2018
-9.27264520943106e-06,1.00438490818126e-05,0.0,118.03927158273399,118.22180046635575,118.32,01/26/2018-01/30/2018
,,0.0,116.12341614906825,116.46770913770914,116.6,01/31/2018-02/02/2018
-2.2201805349735078e-05,-4.8941090849918386e-05,0.0,111.01262027491396,111.46922813036018,111.31,02/05/2018-02/07/2018
-1.026964994196618e-05,-4.9910222866069256e-05,-9.122006847821717e-05,108.36398075240605,108.63597916666663,108.75,02/08/2018-02/12/2018
2.7424775352694836e-05,2.6130781279236478e-05,0.0,110.3288311688311,110.8076898101898,110.16,02/13/2018-02/15/2018
-1.1286629956090723e-05,-5.459658028618402e-06,0.0,111.7314355468749,111.60119186046515,111.58,02/16/2018-02/21/2018
1.7422560213406518e-05,1.7346496598262e-05,0.0,111.65183673469392,111.23325757575756,111.3,02/22/2018-02/26/2018
-3.7683862413545435e-05,-3.945125729462719e-05,0.0,111.3855524344569,111.89400497512435,111.77,02/27/2018-03/01/2018
2.0347481832790386e-05,8.810999752504189e-06,0.0,109.87157688540634,110.61508196721311,110.38,03/02/2018-03/06/2018
2.660353280435446e-05,2.5900976047256357e-05,0.0,111.04178041543025,110.56858639705884,110.62,03/07/2018-03/09/2018
-1.4861405029782285e-05,3.5615707373646506e-06,0.0,112.20025415444773,112.39024223602487,112.43,03/12/2018-03/14/2018
-1.3491685658272208e-05,-1.2667516553819122e-05,0.0,110.8449691358024,111.13988095238093,111.14,03/15/2018-03/19/2018
-2.4849904834447567e-05,-2.9081310842697654e-06,0.0,109.64700099304864,109.54920512820513,109.92,03/20/2018-03/22/2018
-9.09270043315099e-06,1.3732544250771737e-05,0.0,107.23467087466209,106.98241889483066,107.2,03/23/2018-03/27/2018
-8.351074590766723e-06,1.5304026152298668e-05,0.0,106.85128390596742,107.05092890352574,107.05,03/28/2018-04/02/2018
2.4521912705123456e-05,2.3290318168612807e-05,0.0,107.49319679430094,107.13956910569107,107.08,04/03/2018-04/05/2018
5.295754950986146e-06,-1.187013690094002e-05,0.0,108.17037703513277,108.38385511651467,108.3,04/06/2018-04/10/2018
2.3512546151141555e-05,1.4948871077009053e-05,0.0,108.88014732965013,108.86916806722692,108.9,04/11/2018-04/13/2018
6.347239743609842e-06,-5.089539230388693e-06,0.0,110.17064285714294,110.31633116883117,110.25,04/16/2018-04/18/2018
-5.302344096339127e-06,-1.1368291437378852e-05,0.0,109.52679704016911,109.43607142857144,109.49,04/19/2018-04/23/2018
-4.195838423358379e-06,9.787255549980126e-06,0.0,109.02991557223277,108.84767628205128,108.995,04/24/2018-04/26/2018
8.912255466537761e-06,9.69780741824803e-07,0.0,108.78119373776913,109.16090955091715,109.19,04/27/2018-05/01/2018
-inf,2.9094328943396152e-05,0.0,107.10071976967359,107.64997058823528,107.53,05/02/2018-05/04/2018
-0.00010943458075126898,8.268079648306216e-06,0.0,108.28027654867275,108.32653153153154,108.31,05/07/2018-05/09/2018
,,0.0,110.07221229050288,110.41529166666669,110.25,05/10/2018-05/14/2018
8.62863474115413e-06,-4.168757353206765e-18,0.0,110.34858597285067,110.60279411764706,110.45,05/15/2018-05/17/2018
3.433208305425825e-06,-8.152486602842209e-06,0.0,110.81373024236066,110.89699319727892,110.93,05/18/2018-05/22/2018
,,0.0,109.84384309831171,110.05779388083735,110.01,05/23/2018-05/25/2018
5.407071505003855e-07,-1.814240507902223e-05,0.0,108.89866797257592,109.09342304457527,108.98,05/29/2018-05/31/2018
3.0770816248959343e-06,4.164967570514621e-06,0.0,109.71234693877553,109.7088568215892,109.7,06/01/2018-06/05/2018
1.3947655829919628e-05,8.434815451337678e-06,0.0,110.96171401515116,111.24270491803279,111.18,06/06/2018-06/08/2018
-5.223818731174664e-06,-6.4008475312603385e-06,0.0,111.73960887949274,111.60365384615383,111.755,06/11/2018-06/13/2018
-7.67159873702744e-06,-4.4589368454435e-06,0.0,110.7903039513679,111.00582945736437,110.68,06/14/2018-06/18/2018
1.1014029666080514e-06,3.3622843628976523e-06,0.0,110.17714285714285,110.04836666666667,110.23,06/19/2018-06/21/2018
-9.873528357564477e-06,-2.824858774378342e-06,0.0,109.7567075471699,109.41617204301076,109.5,06/22/2018-06/26/2018
-1.602545243470714e-06,-2.5276205379214562e-06,0.0,109.69362546125464,110.09032894736842,109.69,06/27/2018-06/29/2018
1.3516319997148134e-05,-5.183792227958675e-06,0.0,109.4477850162865,109.51984972677593,109.64,07/02/2018-07/05/2018
2.0078135570466023e-05,2.9020779133600807e-05,0.0,111.42862068965512,111.34814685314683,111.67,07/06/2018-07/10/2018
1.9217155469818277e-06,9.030912572831875e-06,0.0,111.55707887049667,111.46780464216633,111.55,07/11/2018-07/13/2018
6.516678245231087e-06,7.747472184188385e-06,0.0,111.92234207968903,111.96461038961036,111.97,07/16/2018-07/18/2018
1.1873365675687818e-06,5.2722516210126835e-06,0.0,111.9045402843601,111.94389344262297,111.89,07/19/2018-07/23/2018
2.731647507238741e-05,7.700065208356875e-06,0.0,112.80414933837422,113.54426421404682,112.5,07/24/2018-07/26/2018
2.2590175493877377e-06,2.6110206562532595e-06,0.0,113.65970873786442,113.74898863636362,113.71,07/27/2018-07/31/2018
4.381895546261622e-06,1.2398920171989636e-05,0.0,113.43522140221403,113.38351190476192,113.34,08/01/2018-08/03/2018
5.131460433823734e-06,-7.571971609200158e-07,0.0,114.56568460812109,114.52,114.56,08/06/2018-08/08/2018
-1.4639279024291187e-05,-1.1842973953386775e-05,0.0,113.64557244174256,113.43423749999998,113.52,08/09/2018-08/13/2018
7.642891194272624e-06,-2.4595137605450287e-06,0.0,113.37288597376369,113.53052564102563,113.56,08/14/2018-08/16/2018
,,,114.81202620967758,115.07631627906981,115.09,08/17/2018-08/21/2018
4.775404906304133e-07,3.0819890849671063e-06,0.0,115.0413736263737,115.14238888888886,115.13,08/22/2018-08/24/2018
5.863812082095262e-06,-2.860772048102103e-18,0.0,116.0370558882236,116.00999999999999,116.01,08/27/2018-08/29/2018
-4.827155738870697e-06,3.7305531184503656e-07,0.0,115.3141737488195,115.27234615384613,115.22,08/30/2018-09/04/2018
2.6345896234583896e-06,1.20328263383166e-05,0.0,115.34583727530764,115.29257142857143,115.32,09/05/2018-09/07/2018
1.3826702860673073e-06,-2.105597218731323e-06,0.0,115.59076056338029,115.59771341463413,115.63,09/10/2018-09/12/2018
-3.2826427995373535e-06,3.592175074978652e-06,0.0,115.99967741935487,115.94600732600736,115.98,09/13/2018-09/17/2018
8.797839028945283e-06,1.9667354411199122e-05,0.0,117.04197265625004,116.95396428571429,117.07,09/18/2018-09/20/2018
-6.117276299846021e-06,-6.341154709310185e-06,0.0,117.30095325389534,117.03006578947372,117.07,09/21/2018-09/25/2018
-5.574289003646323e-06,-1.15810669668031e-05,0.0,116.28699333967648,116.19791767554477,116.22,09/26/2018-09/28/2018
1.7981186736937527e-06,-9.090619849520285e-07,0.0,116.60791628753411,116.52601849217638,116.57,10/01/2018-10/03/2018
3.0871295376942116e-06,8.870443106735235e-06,0.0,116.3352054794521,116.4039285714286,116.32,10/04/2018-10/08/2018
-4.562252238985563e-05,-3.725898214008639e-05,0.0,114.64759930915382,113.53611413043478,115.38499999999999,10/09/2018-10/11/2018
1.387814009273627e-06,-2.1212837094783687e-05,0.0,110.85820512820504,111.11292569659443,110.85,10/12/2018-10/12/2018
